response_id,experiment_id,study_id,origin,org_level,flux_pattern,exposure_temp,mean_temp_reared,flux_range,period_flux,resp_def,resp_units,constant_resp,flux_resp,constant_variance,flux_variance,constant_samp,flux_samp,resp_quality,variance_type,genus,species,larger_group,exp_age,size,add_covariate ,add_covariate_value,extra_covariate ,extra_value,add_info,environment,stressful
1,1,bartheld_2017,figure 2,0,1,5.019762846,20,3,24,maximal swimming speed,BL * s^-1,1.128786067,0.915581115,0.089408528,0.068775791,18,25,1,0,Calyptocephalella,gayi,1,1,1,,,,,,aquatic ,
1,1,bartheld_2017,figure 2,0,1,11.97628458,20,3,24,maximal swimming speed,BL * s^-1,3.296419581,2.636171988,0.175374869,0.123793026,18,25,1,0,Calyptocephalella,gayi,1,1,1,,,,,,aquatic ,
1,1,bartheld_2017,figure 2,0,1,20,20,3,24,maximal swimming speed,BL * s^-1,4.212517194,3.40784044,0.182255846,0.134112792,18,25,1,0,Calyptocephalella,gayi,1,1,1,,,,,,aquatic ,
1,1,bartheld_2017,figure 2,0,1,25.01976285,20,3,24,maximal swimming speed,BL * s^-1,3.504989643,3.216124525,0.2303989,0.140990371,18,25,1,0,Calyptocephalella,gayi,1,1,1,,,,,,aquatic ,
1,1,bartheld_2017,figure 2,0,1,30,20,3,24,maximal swimming speed,BL * s^-1,2.804332875,2.542978073,0.161623109,0.15130674,18,25,1,0,Calyptocephalella,gayi,1,1,1,,,,,,aquatic ,
1,1,bartheld_2017,figure 2,0,1,34.98023715,20,3,24,maximal swimming speed,BL * s^-1,1.608490412,1.704776519,0.178817056,0.113480055,18,25,1,0,Calyptocephalella,gayi,1,1,1,,,,,,aquatic ,
1,1,kern_2015phys,figure 5a,0,1,39.72140293,24,10,24,CT max,C,39.72140293,40.51499586,0.075117371,0.169014085,7,7,1,0,Limnodynastes,peronii,1,1,2,,,,,,aquatic ,
1,1,kern_2015phys,figure 5b,0,1,40.48826291,24,10,24,CT max,C,40.48826291,41.57722708,0.112676056,0.093896714,7,7,1,0,Limnodynastes,tasmaniensis,1,1,2,,,,,,aquatic ,
1,1,kern_2015phys,figure 5c,0,1,41.73584906,24,10,24,CT max,C,41.73584906,42.90566038,0.150943396,0.132075472,7,7,1,0,Platyplectrum ,ornatum,1,1,2,,,,,,aquatic ,
1,2,kern_2015phys,Figure 2a,0,1,13,24,10,24,Umax,m * sec^-1,0.593442623,0.537704918,0.047540984,0.02295082,7,7,1,0,Limnodynastes,peronii,1,1,2,,,,,,aquatic ,
1,2,kern_2015phys,Figure 2a,0,1,18,24,10,24,Umax,m * sec^-1,0.586885246,0.550819672,0.029508197,0.036065574,7,7,1,0,Limnodynastes,peronii,1,1,2,,,,,,aquatic ,
1,2,kern_2015phys,Figure 2a,0,1,23,24,10,24,Umax,m * sec^-1,0.649180328,0.609836066,0.03442623,0.047540984,7,7,1,0,Limnodynastes,peronii,1,1,2,,,,,,aquatic ,
1,2,kern_2015phys,Figure 2a,0,1,28,24,10,24,Umax,m * sec^-1,0.68852459,0.71147541,0.040983607,0.019672131,7,7,1,0,Limnodynastes,peronii,1,1,2,,,,,,aquatic ,
1,2,kern_2015phys,Figure 2a,0,1,33,24,10,24,Umax,m * sec^-1,0.763934426,0.740983607,0.031147541,0.049180328,7,7,1,0,Limnodynastes,peronii,1,1,2,,,,,,aquatic ,
1,2,kern_2015phys,Figure 2a,0,1,36,24,10,24,Umax,m * sec^-1,0.675409836,0.747540984,0.032786885,0.060655738,7,7,1,0,Limnodynastes,peronii,1,1,2,,,,,,aquatic ,
1,2,kern_2015phys,Figure 2b,0,1,18.1,24,10,24,Umax,m * sec^-1,0.568163265,0.542040816,0.022857143,0.027755102,7,7,1,0,Limnodynastes,tasmaniensis,1,1,2,,,,,,aquatic ,
1,2,kern_2015phys,Figure 2b,0,1,23.1,24,10,24,Umax,m * sec^-1,0.656326531,0.613877551,0.048979592,0.048979592,7,7,1,0,Limnodynastes,tasmaniensis,1,1,2,,,,,,aquatic ,
1,2,kern_2015phys,Figure 2b,0,1,28,24,10,24,Umax,m * sec^-1,0.662857143,0.620408163,0.057142857,0.031020408,7,7,1,0,Limnodynastes,tasmaniensis,1,1,2,,,,,,aquatic ,
1,2,kern_2015phys,Figure 2b,0,1,33.1,24,10,24,Umax,m * sec^-1,0.69877551,0.646530612,0.045714286,0.040816327,7,7,1,0,Limnodynastes,tasmaniensis,1,1,2,,,,,,aquatic ,
1,2,kern_2015phys,Figure 2b,0,1,38.1,24,10,24,Umax,m * sec^-1,0.532244898,0.623673469,0.032653061,0.057142857,7,7,1,0,Limnodynastes,tasmaniensis,1,1,2,,,,,,aquatic ,
1,2,kern_2015phys,Figure 2c,0,1,13,24,10,24,Umax,m * sec^-1,0.420899544,0.336001585,0.026122449,0.019591837,7,7,1,0,Platyplectrum ,ornatum,1,1,2,,,,,,aquatic ,
1,2,kern_2015phys,Figure 2c,0,1,18,24,10,24,Umax,m * sec^-1,0.368107787,0.397495542,0.013061224,0.013061224,7,7,1,0,Platyplectrum ,ornatum,1,1,2,,,,,,aquatic ,
1,2,kern_2015phys,Figure 2c,0,1,23,24,10,24,Umax,m * sec^-1,0.419805825,0.426336437,0.026122449,0.006530612,7,7,1,0,Platyplectrum ,ornatum,1,1,2,,,,,,aquatic ,
1,2,kern_2015phys,Figure 2c,0,1,28.1,24,10,24,Umax,m * sec^-1,0.471503864,0.471511789,0.021228453,0.019591837,7,7,1,0,Platyplectrum ,ornatum,1,1,2,,,,,,aquatic ,
1,2,kern_2015phys,Figure 2c,0,1,33,24,10,24,Umax,m * sec^-1,0.523209828,0.493822073,0.022857143,0.027759065,7,7,1,0,Platyplectrum ,ornatum,1,1,2,,,,,,aquatic ,
1,2,kern_2015phys,Figure 2c,0,1,38,24,10,24,Umax,m * sec^-1,0.499805825,0.476948682,0.022857143,0.024489796,7,7,1,0,Platyplectrum ,ornatum,1,1,2,,,,,,aquatic ,
1,2,kern_2015phys,Figure 2c,0,1,13,24,20,24,Umax,m * sec^-1,0.420899544,0.447021993,0.026122449,0.039183673,7,7,1,0,Platyplectrum ,ornatum,1,1,2,,,,,,aquatic ,
1,2,kern_2015phys,Figure 2c,0,1,18,24,20,24,Umax,m * sec^-1,0.368107787,0.384434317,0.013061224,0.009795918,7,7,1,0,Platyplectrum ,ornatum,1,1,2,,,,,,aquatic ,
1,2,kern_2015phys,Figure 2c,0,1,23,24,20,24,Umax,m * sec^-1,0.419805825,0.426336437,0.026122449,0.032653061,7,7,1,0,Platyplectrum ,ornatum,1,1,2,,,,,,aquatic ,
1,2,kern_2015phys,Figure 2c,0,1,28.1,24,20,24,Umax,m * sec^-1,0.471503864,0.579258966,0.021228453,0.034289677,7,7,1,0,Platyplectrum ,ornatum,1,1,2,,,,,,aquatic ,
1,2,kern_2015phys,Figure 2c,0,1,33,24,20,24,Umax,m * sec^-1,0.523209828,0.542801664,0.022857143,0.047346939,7,7,1,0,Platyplectrum ,ornatum,1,1,2,,,,,,aquatic ,
1,2,kern_2015phys,Figure 2c,0,1,38,24,20,24,Umax,m * sec^-1,0.499805825,0.538989499,0.022857143,0.027755102,7,7,1,0,Platyplectrum ,ornatum,1,1,2,,,,,,aquatic ,
1,3,kern_2015phys,Figure 3a,0,1,13,24,10,24,RMR,mL O2 * h^-1,0.027659574,0.026950355,0.004255319,0.004255319,7,7,1,0,Limnodynastes,peronii,1,1,2,,,,,,aquatic ,
1,3,kern_2015phys,Figure 3a,0,1,18,24,10,24,RMR,mL O2 * h^-1,0.043971631,0.05106383,0.006737589,0.005673759,7,7,1,0,Limnodynastes,peronii,1,1,2,,,,,,aquatic ,
1,3,kern_2015phys,Figure 3a,0,1,23,24,10,24,RMR,mL O2 * h^-1,0.078723404,0.062411348,0.005673759,0.009929078,7,7,1,0,Limnodynastes,peronii,1,1,2,,,,,,aquatic ,
1,3,kern_2015phys,Figure 3a,0,1,28,24,10,24,RMR,mL O2 * h^-1,0.109219858,0.09858156,0.005673759,0.007092199,7,7,1,0,Limnodynastes,peronii,1,1,2,,,,,,aquatic ,
1,3,kern_2015phys,Figure 3a,0,1,33,24,10,24,RMR,mL O2 * h^-1,0.109219858,0.117021277,0.007446809,0.009574468,7,7,1,0,Limnodynastes,peronii,1,1,2,,,,,,aquatic ,
1,3,kern_2015phys,Figure 3a,0,1,36,24,10,24,RMR,mL O2 * h^-1,0.121276596,0.094326241,0.004964539,0.010992908,7,7,1,0,Limnodynastes,peronii,1,1,2,,,,,,aquatic ,
1,3,kern_2015phys,Figure 3b,0,1,18,24,10,24,RMR,mL O2 * h^-1,0.036879433,0.059574468,0.002836879,0.006382979,7,7,1,0,Limnodynastes,tasmaniensis,1,1,2,,,,,,aquatic ,
1,3,kern_2015phys,Figure 3b,0,1,23,24,10,24,RMR,mL O2 * h^-1,0.095744681,0.086524823,0.006028369,0.005673759,7,7,1,0,Limnodynastes,tasmaniensis,1,1,2,,,,,,aquatic ,
1,3,kern_2015phys,Figure 3b,0,1,28.1,24,10,24,RMR,mL O2 * h^-1,0.113475177,0.108510638,0.004964539,0.004609929,7,7,1,0,Limnodynastes,tasmaniensis,1,1,2,,,,,,aquatic ,
1,3,kern_2015phys,Figure 3b,0,1,33,24,10,24,RMR,mL O2 * h^-1,0.121276596,0.123404255,0.00212766,0.013475177,7,7,1,0,Limnodynastes,tasmaniensis,1,1,2,,,,,,aquatic ,
1,3,kern_2015phys,Figure 3b,0,1,38,24,10,24,RMR,mL O2 * h^-1,0.130496454,0.160992908,0.015957447,0.008510638,7,7,1,0,Limnodynastes,tasmaniensis,1,1,2,,,,,,aquatic ,
1,3,kern_2015phys,Figure 3c,0,1,13,24,10,24,RMR,mL O2 * h^-1,0.022695035,0.029787234,0.003900709,0.003191489,7,7,1,0,Platyplectrum ,ornatum,1,1,2,,,,,,aquatic ,
1,3,kern_2015phys,Figure 3c,0,1,18,24,10,24,RMR,mL O2 * h^-1,0.023404255,0.026241135,0.005673759,0.003191489,7,7,1,0,Platyplectrum ,ornatum,1,1,2,,,,,,aquatic ,
1,3,kern_2015phys,Figure 3c,0,1,23,24,10,24,RMR,mL O2 * h^-1,0.046808511,0.046808511,0.006382979,0.005673759,7,7,1,0,Platyplectrum ,ornatum,1,1,2,,,,,,aquatic ,
1,3,kern_2015phys,Figure 3c,0,1,28.1,24,10,24,RMR,mL O2 * h^-1,0.05106383,0.056737589,0.002836879,0.004609929,7,7,1,0,Platyplectrum ,ornatum,1,1,2,,,,,,aquatic ,
1,3,kern_2015phys,Figure 3c,0,1,33,24,10,24,RMR,mL O2 * h^-1,0.070921986,0.070921986,0.002836879,0.003546099,7,7,1,0,Platyplectrum ,ornatum,1,1,2,,,,,,aquatic ,
1,3,kern_2015phys,Figure 3c,0,1,38,24,10,24,RMR,mL O2 * h^-1,0.073758865,0.079432624,0.004255319,0.005673759,7,7,1,0,Platyplectrum ,ornatum,1,1,2,,,,,,aquatic ,
1,3,kern_2015phys,Figure 3c,0,1,13,24,20,24,RMR,mL O2 * h^-1,0.022695035,0.029787234,0.003900709,0.00248227,7,7,1,0,Platyplectrum ,ornatum,1,1,2,,,,,,aquatic ,
1,3,kern_2015phys,Figure 3c,0,1,18,24,20,24,RMR,mL O2 * h^-1,0.023404255,0.025531915,0.005673759,0.00212766,7,7,1,0,Platyplectrum ,ornatum,1,1,2,,,,,,aquatic ,
1,3,kern_2015phys,Figure 3c,0,1,23,24,20,24,RMR,mL O2 * h^-1,0.046808511,0.035460993,0.006382979,0.004609929,7,7,1,0,Platyplectrum ,ornatum,1,1,2,,,,,,aquatic ,
1,3,kern_2015phys,Figure 3c,0,1,28.1,24,20,24,RMR,mL O2 * h^-1,0.05106383,0.058156028,0.002836879,0.004609929,7,7,1,0,Platyplectrum ,ornatum,1,1,2,,,,,,aquatic ,
1,3,kern_2015phys,Figure 3c,0,1,33,24,20,24,RMR,mL O2 * h^-1,0.070921986,0.087943262,0.002836879,0.00212766,7,7,1,0,Platyplectrum ,ornatum,1,1,2,,,,,,aquatic ,
1,3,kern_2015phys,Figure 3c,0,1,38,24,20,24,RMR,mL O2 * h^-1,0.073758865,0.075886525,0.004255319,0.003546099,7,7,1,0,Platyplectrum ,ornatum,1,1,2,,,,,,aquatic ,
1,4,kern_2015phys,Figure 4a,0,1,13,24,10,24,LDH activity ,umol ^-1 * g^-1 *min^-1,9.913047805,12.94331314,3.030265335,1.08223762,10,10,1,0,Limnodynastes,peronii,1,1,2,,,,,,aquatic ,
1,4,kern_2015phys,Figure 4a,0,1,18,24,10,24,LDH activity ,umol ^-1 * g^-1 *min^-1,12.43826892,20.23037978,2.597370287,2.597370287,10,10,1,0,Limnodynastes,peronii,1,1,2,,,,,,aquatic ,
1,4,kern_2015phys,Figure 4a,0,1,23,24,10,24,LDH activity ,umol ^-1 * g^-1 *min^-1,16.69507022,31.41350185,2.813817811,3.89605543,10,10,1,0,Limnodynastes,peronii,1,1,2,,,,,,aquatic ,
1,4,kern_2015phys,Figure 4a,0,1,28.1,24,10,24,LDH activity ,umol ^-1 * g^-1 *min^-1,24.41503191,43.89655301,4.328950478,4.97829305,10,10,1,0,Limnodynastes,peronii,1,1,2,,,,,,aquatic ,
1,4,kern_2015phys,Figure 4a,0,1,33,24,10,24,LDH activity ,umol ^-1 * g^-1 *min^-1,34.30071278,58.54159151,5.627635622,6.276978194,10,10,1,0,Limnodynastes,peronii,1,1,2,,,,,,aquatic ,
1,4,kern_2015phys,Figure 4a,0,1,38,24,10,24,LDH activity ,umol ^-1 * g^-1 *min^-1,43.31935961,71.02339872,6.06053067,6.926320765,10,10,1,0,Limnodynastes,peronii,1,1,2,,,,,,aquatic ,
2,4,kern_2015phys,Figure 4b,0,1,13,24,10,24,CS activity ,umol ^-1 * g^-1 *min^-1,1.151515152,1.333333333,0.181818182,0.181818182,10,10,1,0,Limnodynastes,peronii,1,1,2,,,,,,aquatic ,
2,4,kern_2015phys,Figure 4b,0,1,18,24,10,24,CS activity ,umol ^-1 * g^-1 *min^-1,1.393939394,1.757575758,0.181818182,0.242424242,10,10,1,0,Limnodynastes,peronii,1,1,2,,,,,,aquatic ,
2,4,kern_2015phys,Figure 4b,0,1,23,24,10,24,CS activity ,umol ^-1 * g^-1 *min^-1,1.818181818,2.242424242,0.181818182,0.181818182,10,10,1,0,Limnodynastes,peronii,1,1,2,,,,,,aquatic ,
2,4,kern_2015phys,Figure 4b,0,1,28.1,24,10,24,CS activity ,umol ^-1 * g^-1 *min^-1,2.303030303,2.787878788,0.242424242,0.212121212,10,10,1,0,Limnodynastes,peronii,1,1,2,,,,,,aquatic ,
2,4,kern_2015phys,Figure 4b,0,1,33,24,10,24,CS activity ,umol ^-1 * g^-1 *min^-1,2.848484848,3.515151515,0.151515152,0.212121212,10,10,1,0,Limnodynastes,peronii,1,1,2,,,,,,aquatic ,
2,4,kern_2015phys,Figure 4b,0,1,38,24,10,24,CS activity ,umol ^-1 * g^-1 *min^-1,3.636363636,4.242424242,0.363636364,0.757575758,10,10,1,0,Limnodynastes,peronii,1,1,2,,,,,,aquatic ,
3,4,kern_2015phys,Figure 4c,0,1,13.01724138,24,10,24,CCO activity ,umol ^-1 * g^-1 *min^-1,0.99137931,0.926724138,0.161637931,0.107758621,10,10,1,0,Limnodynastes,peronii,1,1,2,,,,,,aquatic ,
3,4,kern_2015phys,Figure 4c,0,1,18.01724138,24,10,24,CCO activity ,umol ^-1 * g^-1 *min^-1,1.271551724,1.422413793,0.064655172,0.129310345,10,10,1,0,Limnodynastes,peronii,1,1,2,,,,,,aquatic ,
3,4,kern_2015phys,Figure 4c,0,1,23.01724138,24,10,24,CCO activity ,umol ^-1 * g^-1 *min^-1,1.745689655,1.853448276,0.129310345,0.086206897,10,10,1,0,Limnodynastes,peronii,1,1,2,,,,,,aquatic ,
3,4,kern_2015phys,Figure 4c,0,1,27.93103448,24,10,24,CCO activity ,umol ^-1 * g^-1 *min^-1,2.564655172,2.5,0.172413793,0.107758621,10,10,1,0,Limnodynastes,peronii,1,1,2,,,,,,aquatic ,
3,4,kern_2015phys,Figure 4c,0,1,32.93103448,24,10,24,CCO activity ,umol ^-1 * g^-1 *min^-1,2.952586207,2.801724138,0.172413793,0.150862069,10,10,1,0,Limnodynastes,peronii,1,1,2,,,,,,aquatic ,
3,4,kern_2015phys,Figure 4c,0,1,37.93103448,24,10,24,CCO activity ,umol ^-1 * g^-1 *min^-1,2.521551724,2.672413793,0.172413793,0.129310345,10,10,1,0,Limnodynastes,peronii,1,1,2,,,,,,aquatic ,
1,4,kern_2015phys,Figure 4d,0,1,13.0259366,24,10,24,LDH activity ,umol ^-1 * g^-1 *min^-1,9.254765155,17.149502,1.315789474,3.070175439,10,10,1,0,Limnodynastes,tasmaniensis,1,1,2,,,,,,aquatic ,
1,4,kern_2015phys,Figure 4d,0,1,18.04034582,24,10,24,LDH activity ,umol ^-1 * g^-1 *min^-1,15.46842611,25.9947419,2.412280702,4.385964912,10,10,1,0,Limnodynastes,tasmaniensis,1,1,2,,,,,,aquatic ,
1,4,kern_2015phys,Figure 4d,0,1,22.96829971,24,10,24,LDH activity ,umol ^-1 * g^-1 *min^-1,22.11941959,38.78608625,3.50877193,6.140350877,10,10,1,0,Limnodynastes,tasmaniensis,1,1,2,,,,,,aquatic ,
1,4,kern_2015phys,Figure 4d,0,1,27.98270893,24,10,24,LDH activity ,umol ^-1 * g^-1 *min^-1,31.84185247,57.28044896,4.824561404,8.553263562,10,10,1,0,Limnodynastes,tasmaniensis,1,1,2,,,,,,aquatic ,
1,4,kern_2015phys,Figure 4d,0,1,32.99711816,24,10,24,LDH activity ,umol ^-1 * g^-1 *min^-1,42.44147834,74.0204257,6.140350877,10.74561404,10,10,1,0,Limnodynastes,tasmaniensis,1,1,2,,,,,,aquatic ,
1,4,kern_2015phys,Figure 4d,0,1,38.01152738,24,10,24,LDH activity ,umol ^-1 * g^-1 *min^-1,51.28671824,89.44461297,7.236842105,11.84210526,10,10,1,0,Limnodynastes,tasmaniensis,1,1,2,,,,,,aquatic ,
2,4,kern_2015phys,Figure 4e,0,1,13.01724138,24,10,24,CS activity ,umol ^-1 * g^-1 *min^-1,2.793840911,4.40446038,0.154867257,0.650442478,10,10,1,0,Limnodynastes,tasmaniensis,1,1,2,,,,,,aquatic ,
2,4,kern_2015phys,Figure 4e,0,1,18.01724138,24,10,24,CS activity ,umol ^-1 * g^-1 *min^-1,3.60947513,5.653722917,0.278761062,0.619469027,10,10,1,0,Limnodynastes,tasmaniensis,1,1,2,,,,,,aquatic ,
2,4,kern_2015phys,Figure 4e,0,1,22.93103448,24,10,24,CS activity ,umol ^-1 * g^-1 *min^-1,4.920506561,7.646348286,0.340707965,0.991150442,10,10,1,0,Limnodynastes,tasmaniensis,1,1,2,,,,,,aquatic ,
2,4,kern_2015phys,Figure 4e,0,1,28.01724138,24,10,24,CS activity ,umol ^-1 * g^-1 *min^-1,6.293840911,9.205345336,0.46460177,1.17699115,10,10,1,0,Limnodynastes,tasmaniensis,1,1,2,,,,,,aquatic ,
2,4,kern_2015phys,Figure 4e,0,1,33.01724138,24,10,24,CS activity ,umol ^-1 * g^-1 *min^-1,7.790891059,12.06522734,0.557522124,1.362831858,10,10,1,0,Limnodynastes,tasmaniensis,1,1,2,,,,,,aquatic ,
2,4,kern_2015phys,Figure 4e,0,1,38.01724138,24,10,24,CS activity ,umol ^-1 * g^-1 *min^-1,9.287941206,12.69502085,0.650442478,1.579646018,10,10,1,0,Limnodynastes,tasmaniensis,1,1,2,,,,,,aquatic ,
3,4,kern_2015phys,Figure 4f,0,1,13.01724138,24,10,24,CCO activity ,umol ^-1 * g^-1 *min^-1,1.082251082,1.796536797,0.108225108,0.205627706,10,10,1,0,Limnodynastes,tasmaniensis,1,1,2,,,,,,aquatic ,
3,4,kern_2015phys,Figure 4f,0,1,18.01724138,24,10,24,CCO activity ,umol ^-1 * g^-1 *min^-1,1.558441558,2.597402597,0.140692641,0.292207792,10,10,1,0,Limnodynastes,tasmaniensis,1,1,2,,,,,,aquatic ,
3,4,kern_2015phys,Figure 4f,0,1,23.01724138,24,10,24,CCO activity ,umol ^-1 * g^-1 *min^-1,1.774891775,3.03030303,0.140692641,0.346320346,10,10,1,0,Limnodynastes,tasmaniensis,1,1,2,,,,,,aquatic ,
3,4,kern_2015phys,Figure 4f,0,1,28.01724138,24,10,24,CCO activity ,umol ^-1 * g^-1 *min^-1,2.380952381,3.852813853,0.205627706,0.38961039,10,10,1,0,Limnodynastes,tasmaniensis,1,1,2,,,,,,aquatic ,
3,4,kern_2015phys,Figure 4f,0,1,33.01724138,24,10,24,CCO activity ,umol ^-1 * g^-1 *min^-1,2.056277056,3.722943723,0.238095238,0.38961039,10,10,1,0,Limnodynastes,tasmaniensis,1,1,2,,,,,,aquatic ,
3,4,kern_2015phys,Figure 4f,0,1,38.01724138,24,10,24,CCO activity ,umol ^-1 * g^-1 *min^-1,0.974025974,2.683982684,0.054112554,0.476190476,10,10,1,0,Limnodynastes,tasmaniensis,1,1,2,,,,,,aquatic ,
1,4,kern_2015phys,Figure 4g,0,1,13.0259366,24,10,24,LDH activity ,umol ^-1 * g^-1 *min^-1,7.359307359,13.41991342,0.865800866,1.298701299,10,10,1,0,Platyplectrum ,ornatum,1,1,2,,,,,,aquatic ,
1,4,kern_2015phys,Figure 4g,0,1,18.04034582,24,10,24,LDH activity ,umol ^-1 * g^-1 *min^-1,12.12121212,15.15151515,1.731601732,1.515151515,10,10,1,0,Platyplectrum ,ornatum,1,1,2,,,,,,aquatic ,
1,4,kern_2015phys,Figure 4g,0,1,23.05475504,24,10,24,LDH activity ,umol ^-1 * g^-1 *min^-1,19.91341991,22.07792208,2.813852814,1.515151515,10,10,1,0,Platyplectrum ,ornatum,1,1,2,,,,,,aquatic ,
1,4,kern_2015phys,Figure 4g,0,1,27.98270893,24,10,24,LDH activity ,umol ^-1 * g^-1 *min^-1,29.43722944,32.9004329,3.67965368,1.515151515,10,10,1,0,Platyplectrum ,ornatum,1,1,2,,,,,,aquatic ,
1,4,kern_2015phys,Figure 4g,0,1,32.99711816,24,10,24,LDH activity ,umol ^-1 * g^-1 *min^-1,41.12554113,41.55844156,4.329004329,3.896103896,10,10,1,0,Platyplectrum ,ornatum,1,1,2,,,,,,aquatic ,
1,4,kern_2015phys,Figure 4g,0,1,38.01152738,24,10,24,LDH activity ,umol ^-1 * g^-1 *min^-1,50.64935065,51.94805195,2.164502165,3.463203463,10,10,1,0,Platyplectrum ,ornatum,1,1,2,,,,,,aquatic ,
1,4,kern_2015phys,Figure 4g,0,1,13.0259366,24,20,24,LDH activity ,umol ^-1 * g^-1 *min^-1,7.359307359,7.792207792,0.865800866,1.731601732,10,10,1,0,Platyplectrum ,ornatum,1,1,2,,,,,,aquatic ,
1,4,kern_2015phys,Figure 4g,0,1,18.04034582,24,20,24,LDH activity ,umol ^-1 * g^-1 *min^-1,12.12121212,14.28571429,1.731601732,2.164502165,10,10,1,0,Platyplectrum ,ornatum,1,1,2,,,,,,aquatic ,
1,4,kern_2015phys,Figure 4g,0,1,23.05475504,24,20,24,LDH activity ,umol ^-1 * g^-1 *min^-1,19.91341991,21.21212121,2.813852814,2.380952381,10,10,1,0,Platyplectrum ,ornatum,1,1,2,,,,,,aquatic ,
1,4,kern_2015phys,Figure 4g,0,1,27.98270893,24,20,24,LDH activity ,umol ^-1 * g^-1 *min^-1,29.43722944,32.03463203,3.67965368,3.03030303,10,10,1,0,Platyplectrum ,ornatum,1,1,2,,,,,,aquatic ,
1,4,kern_2015phys,Figure 4g,0,1,32.99711816,24,20,24,LDH activity ,umol ^-1 * g^-1 *min^-1,41.12554113,41.55844156,4.329004329,4.112554113,10,10,1,0,Platyplectrum ,ornatum,1,1,2,,,,,,aquatic ,
1,4,kern_2015phys,Figure 4g,0,1,38.01152738,24,20,24,LDH activity ,umol ^-1 * g^-1 *min^-1,50.64935065,48.91774892,2.164502165,2.813852814,10,10,1,0,Platyplectrum ,ornatum,1,1,2,,,,,,aquatic ,
2,4,kern_2015phys,Figure 4h,0,1,13.01724138,24,10,24,CS activity ,umol ^-1 * g^-1 *min^-1,2.666666667,1.939393939,0.181818182,0.242424242,10,10,1,0,Platyplectrum ,ornatum,1,1,2,,,,,,aquatic ,
2,4,kern_2015phys,Figure 4h,0,1,18.01724138,24,10,24,CS activity ,umol ^-1 * g^-1 *min^-1,3.515151515,2.848484848,0.181818182,0.212121212,10,10,1,0,Platyplectrum ,ornatum,1,1,2,,,,,,aquatic ,
2,4,kern_2015phys,Figure 4h,0,1,23.01724138,24,10,24,CS activity ,umol ^-1 * g^-1 *min^-1,4.727272727,3.696969697,0.212121212,0.242424242,10,10,1,0,Platyplectrum ,ornatum,1,1,2,,,,,,aquatic ,
2,4,kern_2015phys,Figure 4h,0,1,28.01724138,24,10,24,CS activity ,umol ^-1 * g^-1 *min^-1,5.878787879,5.03030303,0.212121212,0.242424242,10,10,1,0,Platyplectrum ,ornatum,1,1,2,,,,,,aquatic ,
2,4,kern_2015phys,Figure 4h,0,1,33.01724138,24,10,24,CS activity ,umol ^-1 * g^-1 *min^-1,7.696969697,6.545454545,0.363636364,0.363636364,10,10,1,0,Platyplectrum ,ornatum,1,1,2,,,,,,aquatic ,
2,4,kern_2015phys,Figure 4h,0,1,38.01724138,24,10,24,CS activity ,umol ^-1 * g^-1 *min^-1,9.090909091,8.666666667,0.424242424,0.575757576,10,10,1,0,Platyplectrum ,ornatum,1,1,2,,,,,,aquatic ,
2,4,kern_2015phys,Figure 4h,0,1,13.01724138,24,20,24,CS activity ,umol ^-1 * g^-1 *min^-1,2.666666667,0.909090909,0.181818182,0.121212121,10,10,1,0,Platyplectrum ,ornatum,1,1,2,,,,,,aquatic ,
2,4,kern_2015phys,Figure 4h,0,1,18.01724138,24,20,24,CS activity ,umol ^-1 * g^-1 *min^-1,3.515151515,1.272727273,0.181818182,0.121212121,10,10,1,0,Platyplectrum ,ornatum,1,1,2,,,,,,aquatic ,
2,4,kern_2015phys,Figure 4h,0,1,23.01724138,24,20,24,CS activity ,umol ^-1 * g^-1 *min^-1,4.727272727,1.696969697,0.212121212,0.121212121,10,10,1,0,Platyplectrum ,ornatum,1,1,2,,,,,,aquatic ,
2,4,kern_2015phys,Figure 4h,0,1,28.01724138,24,20,24,CS activity ,umol ^-1 * g^-1 *min^-1,5.878787879,2.363636364,0.212121212,0.090909091,10,10,1,0,Platyplectrum ,ornatum,1,1,2,,,,,,aquatic ,
2,4,kern_2015phys,Figure 4h,0,1,33.01724138,24,20,24,CS activity ,umol ^-1 * g^-1 *min^-1,7.696969697,3.03030303,0.363636364,0.121212121,10,10,1,0,Platyplectrum ,ornatum,1,1,2,,,,,,aquatic ,
2,4,kern_2015phys,Figure 4h,0,1,38.01724138,24,20,24,CS activity ,umol ^-1 * g^-1 *min^-1,9.090909091,4.181818182,0.424242424,0.333333333,10,10,1,0,Platyplectrum ,ornatum,1,1,2,,,,,,aquatic ,
3,4,kern_2015phys,Figure 4i,0,1,13.01724138,24,10,24,CCO activity ,umol ^-1 * g^-1 *min^-1,1.426394487,1.686134746,0.097402597,0.162337662,10,10,1,0,Platyplectrum ,ornatum,1,1,2,,,,,,aquatic ,
3,4,kern_2015phys,Figure 4i,0,1,18.01724138,24,10,24,CCO activity ,umol ^-1 * g^-1 *min^-1,2.115427676,2.613263174,0.097402597,0.313852814,10,10,1,0,Platyplectrum ,ornatum,1,1,2,,,,,,aquatic ,
3,4,kern_2015phys,Figure 4i,0,1,23.01724138,24,10,24,CCO activity ,umol ^-1 * g^-1 *min^-1,2.674590735,2.501430562,0.25974026,0.194836294,10,10,1,0,Platyplectrum ,ornatum,1,1,2,,,,,,aquatic ,
3,4,kern_2015phys,Figure 4i,0,1,28.01724138,24,10,24,CCO activity ,umol ^-1 * g^-1 *min^-1,3.147173708,3.341978902,0.151515152,0.12987013,10,10,1,0,Platyplectrum ,ornatum,1,1,2,,,,,,aquatic ,
3,4,kern_2015phys,Figure 4i,0,1,33.01724138,24,10,24,CCO activity ,umol ^-1 * g^-1 *min^-1,4.00936707,3.706398965,0.324675325,0.205627706,10,10,1,0,Platyplectrum ,ornatum,1,1,2,,,,,,aquatic ,
3,4,kern_2015phys,Figure 4i,0,1,38.01724138,24,10,24,CCO activity ,umol ^-1 * g^-1 *min^-1,4.113984674,3.875889436,0.367965368,0.183951585,10,10,1,0,Platyplectrum ,ornatum,1,1,2,,,,,,aquatic ,
3,4,kern_2015phys,Figure 4i,0,1,13.01724138,24,20,24,CCO activity ,umol ^-1 * g^-1 *min^-1,1.426394487,1.3398144,0.097402597,0.086580087,10,10,1,0,Platyplectrum ,ornatum,1,1,2,,,,,,aquatic ,
3,4,kern_2015phys,Figure 4i,0,1,18.01724138,24,20,24,CCO activity ,umol ^-1 * g^-1 *min^-1,2.115427676,2.050492611,0.097402597,0.151515152,10,10,1,0,Platyplectrum ,ornatum,1,1,2,,,,,,aquatic ,
3,4,kern_2015phys,Figure 4i,0,1,23.01724138,24,20,24,CCO activity ,umol ^-1 * g^-1 *min^-1,2.674590735,2.436495497,0.25974026,0.162337662,10,10,1,0,Platyplectrum ,ornatum,1,1,2,,,,,,aquatic ,
3,4,kern_2015phys,Figure 4i,0,1,28.01724138,24,20,24,CCO activity ,umol ^-1 * g^-1 *min^-1,3.147173708,3.428558989,0.151515152,0.194805195,10,10,1,0,Platyplectrum ,ornatum,1,1,2,,,,,,aquatic ,
3,4,kern_2015phys,Figure 4i,0,1,33.01724138,24,20,24,CCO activity ,umol ^-1 * g^-1 *min^-1,4.00936707,4.225817286,0.324675325,0.324675325,10,10,1,0,Platyplectrum ,ornatum,1,1,2,,,,,,aquatic ,
3,4,kern_2015phys,Figure 4i,0,1,38.01724138,24,20,24,CCO activity ,umol ^-1 * g^-1 *min^-1,4.113984674,3.226538787,0.367965368,0.292207792,10,10,1,0,Platyplectrum ,ornatum,1,1,2,,,,,,aquatic ,
1,2,kern2014,Figure 3,0,1,42.15384615,24,14,24,CT max,C ,42.15384615,42.33566434,0.125874126,0.129370629,8,8,1,0,Platyplectrum ,ornatum,1,1,2,UV exposure,UV absence,,,,aquatic ,
1,2,kern2014,Figure 3,0,1,41.3986014,24,14,24,CT max,C ,41.3986014,43.00699301,0.122377622,0.195804196,8,8,1,0,Platyplectrum ,ornatum,1,1,2,UV exposure,UV presence,,,,aquatic ,
1,3,kern2014,Figure 4,0,1,18,24,14,24,Oxygen consumption,mL O2 * h^-1,0.040901147,0.03928731,0.00484151,0.006455346,8,8,1,0,Platyplectrum ,ornatum,1,1,2,UV exposure,UV absence,,,,aquatic ,
1,3,kern2014,Figure 4,0,1,23,24,14,24,Oxygen consumption,mL O2 * h^-1,0.074740804,0.070302753,0.004740645,0.006858805,8,8,1,0,Platyplectrum ,ornatum,1,1,2,UV exposure,UV absence,,,,aquatic ,
1,3,kern2014,Figure 4,0,1,28,24,14,24,Oxygen consumption,mL O2 * h^-1,0.094460028,0.083163172,0.005446698,0.00655637,8,8,1,0,Platyplectrum ,ornatum,1,1,2,UV exposure,UV absence,,,,aquatic ,
1,3,kern2014,Figure 4,0,1,33,24,14,24,Oxygen consumption,mL O2 * h^-1,0.102478937,0.114582711,0.005648587,0.005850157,8,8,1,0,Platyplectrum ,ornatum,1,1,2,UV exposure,UV absence,,,,aquatic ,
1,3,kern2014,Figure 4,0,1,38,24,14,24,Oxygen consumption,mL O2 * h^-1,0.104848782,0.093149104,0.017752202,0.010287571,8,8,1,0,Platyplectrum ,ornatum,1,1,2,UV exposure,UV absence,,,,aquatic ,
1,3,kern2014,Figure 4,0,1,18,24,14,24,Oxygen consumption,mL O2 * h^-1,0.032831964,0.042514347,0.003429403,0.006051728,8,8,1,0,Platyplectrum ,ornatum,1,1,2,UV exposure,UV presence,,,,aquatic ,
1,3,kern2014,Figure 4,0,1,23,24,14,24,Oxygen consumption,mL O2 * h^-1,0.06747854,0.070302753,0.008069183,0.008069183,8,8,1,0,Platyplectrum ,ornatum,1,1,2,UV exposure,UV presence,,,,aquatic ,
1,3,kern2014,Figure 4,0,1,28,24,14,24,Oxygen consumption,mL O2 * h^-1,0.086390845,0.083163172,0.006455346,0.005547563,8,8,1,0,Platyplectrum ,ornatum,1,1,2,UV exposure,UV presence,,,,aquatic ,
1,3,kern2014,Figure 4,0,1,33,24,14,24,Oxygen consumption,mL O2 * h^-1,0.091182082,0.106916988,0.008069183,0.007867453,8,8,1,0,Platyplectrum ,ornatum,1,1,2,UV exposure,UV presence,,,,aquatic ,
1,3,kern2014,Figure 4,0,1,38,24,14,24,Oxygen consumption,mL O2 * h^-1,0.101621109,0.102024568,0.009682701,0.010489937,8,8,1,0,Platyplectrum ,ornatum,1,1,2,UV exposure,UV presence,,,,aquatic ,
1,4,kern2014,Figure 5,0,1,18,24,14,24,Maximum burst swim speed,m*s^-1,0.359560043,0.33798979,0.037254089,0.023856209,8,8,1,0,Platyplectrum ,ornatum,1,1,2,UV exposure,UV absence,,,,aquatic ,
1,4,kern2014,Figure 5,0,1,23,24,14,24,Maximum burst swim speed,m*s^-1,0.372794524,0.387174422,0.023529005,0.015687087,8,8,1,0,Platyplectrum ,ornatum,1,1,2,UV exposure,UV absence,,,,aquatic ,
1,4,kern2014,Figure 5,0,1,28,24,14,24,Maximum burst swim speed,m*s^-1,0.33243586,0.447466914,0.022875817,0.034640523,8,8,1,0,Platyplectrum ,ornatum,1,1,2,UV exposure,UV absence,,,,aquatic ,
1,4,kern2014,Figure 5,0,1,33,24,14,24,Maximum burst swim speed,m*s^-1,0.424101714,0.465931779,0.043137255,0.033334146,8,8,1,0,Platyplectrum ,ornatum,1,1,2,UV exposure,UV absence,,,,aquatic ,
1,4,kern2014,Figure 5,0,1,38,24,14,24,Maximum burst swim speed,m*s^-1,0.327532273,0.408579651,0.030718548,0.030065359,8,8,1,0,Platyplectrum ,ornatum,1,1,2,UV exposure,UV absence,,,,aquatic ,
1,4,kern2014,Figure 5,0,1,18,24,14,24,Maximum burst swim speed,m*s^-1,0.360867232,0.303350893,0.028104575,0.016340682,8,8,1,0,Platyplectrum ,ornatum,1,1,2,UV exposure,UV presence,,,,aquatic ,
1,4,kern2014,Figure 5,0,1,23,24,14,24,Maximum burst swim speed,m*s^-1,0.380636036,0.398939941,0.026142978,0.032679739,8,8,1,0,Platyplectrum ,ornatum,1,1,2,UV exposure,UV presence,,,,aquatic ,
1,4,kern2014,Figure 5,0,1,28,24,14,24,Maximum burst swim speed,m*s^-1,0.384723442,0.410867232,0.025816993,0.020915033,8,8,1,0,Platyplectrum ,ornatum,1,1,2,UV exposure,UV presence,,,,aquatic ,
1,4,kern2014,Figure 5,0,1,33,24,14,24,Maximum burst swim speed,m*s^-1,0.369199753,0.420180145,0.026144604,0.032026144,8,8,1,0,Platyplectrum ,ornatum,1,1,2,UV exposure,UV presence,,,,aquatic ,
1,4,kern2014,Figure 5,0,1,38,24,14,24,Maximum burst swim speed,m*s^-1,0.451716906,0.417728352,0.056862745,0.023529005,8,8,1,0,Platyplectrum ,ornatum,1,1,2,UV exposure,UV presence,,,,aquatic ,
1,1,rodgers2018,Figure 2,0,1,11,15,4,24,Ucrit,BL*s^-1,2.76923077,3.26720648,0.25506073,0.34615385,5,5,1,0,Acipenser ,medirostris,1,1,2,,,,,,aquatic ,
1,1,rodgers2018,Figure 2,0,1,13,15,4,24,Ucrit,BL*s^-1,2.96356275,3.15789474,0.51012146,0.47368421,5,5,1,0,Acipenser ,medirostris,1,1,2,,,,,,aquatic ,
1,1,rodgers2018,Figure 2,0,1,15,15,4,24,Ucrit,BL*s^-1,4.61538462,3.23076923,0.41295547,0.69230769,5,5,1,0,Acipenser ,medirostris,1,1,2,,,,,,aquatic ,
1,1,rodgers2018,Figure 2,0,1,17,15,4,24,Ucrit,BL*s^-1,4.22672065,3.5465587,0.3340081,0.5951417,5,5,1,0,Acipenser ,medirostris,1,1,2,,,,,,aquatic ,
1,1,rodgers2018,Figure 2,0,1,21,15,4,24,Ucrit,BL*s^-1,3.76518219,4.54251012,0.40080972,0.21862348,5,5,1,0,Acipenser ,medirostris,1,1,2,,,,,,aquatic ,
1,1,rodgers2018,Figure 2,0,1,11,15,10,24,Ucrit,BL*s^-1,2.76923077,3.88663968,0.25506073,0.22469636,5,5,1,0,Acipenser ,medirostris,1,1,2,,,,,,aquatic ,
1,1,rodgers2018,Figure 2,0,1,13,15,10,24,Ucrit,BL*s^-1,2.96356275,3.78947368,0.51012146,0.37651822,5,5,1,0,Acipenser ,medirostris,1,1,2,,,,,,aquatic ,
1,1,rodgers2018,Figure 2,0,1,15,15,10,24,Ucrit,BL*s^-1,4.61538462,3.08502024,0.41295547,0.6437247,5,5,1,0,Acipenser ,medirostris,1,1,2,,,,,,aquatic ,
1,1,rodgers2018,Figure 2,0,1,17,15,10,24,Ucrit,BL*s^-1,4.22672065,3.66801619,0.3340081,0.31578947,5,5,1,0,Acipenser ,medirostris,1,1,2,,,,,,aquatic ,
1,1,rodgers2018,Figure 2,0,1,21,15,10,24,Ucrit,BL*s^-1,3.76518219,3.86234818,0.40080972,0.40080972,5,5,1,0,Acipenser ,medirostris,1,1,2,,,,,,aquatic ,
1,1,hoskins2020,Table 1,0,1,-1.17,10,10,24,CTmin,C,-1.17,-1.81,0.44,0.82,55,46,0,1,Lepidocyrtus ,sp.,1,2,1,,,,,,terrestrial,
1,1,hoskins2020,Table 1,0,1,-1.63,15,10,24,CTmin,C,-1.63,-0.82,0.41,0.37,42,49,0,1,Lepidocyrtus ,sp.,1,2,1,,,,,,terrestrial,
1,1,hoskins2020,Table 1,0,1,-1.3,20,10,24,CTmin,C,-1.3,-1.12,0.52,0.25,51,42,0,1,Lepidocyrtus ,sp.,1,2,1,,,,,,terrestrial,
1,1,hoskins2020,Table 1,0,1,-0.52,25,10,24,CTmin,C,-0.52,-0.18,0.53,0.49,47,44,0,1,Lepidocyrtus ,sp.,1,2,1,,,,,,terrestrial,
2,1,hoskins2020,Table 1,0,1,36.78,10,10,24,CTmax,C,36.78,36.53,0.67,0.37,54,43,0,1,Lepidocyrtus ,sp.,1,2,1,,,,,,terrestrial,
2,1,hoskins2020,Table 1,0,1,36.83,15,10,24,CTmax,C,36.83,36.76,0.34,0.56,40,44,0,1,Lepidocyrtus ,sp.,1,2,1,,,,,,terrestrial,
2,1,hoskins2020,Table 1,0,1,37.34,20,10,24,CTmax,C,37.34,37.21,0.54,0.54,44,44,0,1,Lepidocyrtus ,sp.,1,2,1,,,,,,terrestrial,
2,1,hoskins2020,Table 1,0,1,36.6,25,10,24,CTmax,C,36.6,37.23,0.84,0.52,58,43,0,1,Lepidocyrtus ,sp.,1,2,1,,,,,,terrestrial,
3,1,hoskins2020,Table 1,0,1,35.9,25,10,24,ULT50,C,35.9,35.21,0.29,0.9,3,3,0,1,Lepidocyrtus ,sp.,1,2,1,,,,,,terrestrial,
3,1,hoskins2020,Table 1,0,1,34.69,25,10,24,ULT50,C,34.69,35.31,0.56,0.32,3,3,0,1,Lepidocyrtus ,sp.,1,2,1,,,,,,terrestrial,
3,1,hoskins2020,Table 1,0,1,34.88,25,10,24,ULT50,C,34.88,35.38,0.91,0.34,3,3,0,1,Lepidocyrtus ,sp.,1,2,1,,,,,,terrestrial,
3,1,hoskins2020,Table 1,0,1,35.73,25,10,24,ULT50,C,35.73,35.91,0.28,0.51,3,3,0,1,Lepidocyrtus ,sp.,1,2,1,,,,,,terrestrial,
1,2,hoskins2020,Table 1,0,1,-0.55,10,10,24,CTmin,C,-0.55,-0.03,0.44,0.34,45,52,0,1,Sinella,sp.,1,2,1,,,,,,terrestrial,
1,2,hoskins2020,Table 1,0,1,0.27,15,10,24,CTmin,C,0.27,0.43,0.26,0.47,46,54,0,1,Sinella,sp.,1,2,1,,,,,,terrestrial,
1,2,hoskins2020,Table 1,0,1,0.01,20,10,24,CTmin,C,0.01,0.39,0.25,0.42,48,56,0,1,Sinella,sp.,1,2,1,,,,,,terrestrial,
1,2,hoskins2020,Table 1,0,1,1.16,25,10,24,CTmin,C,1.16,0.88,0.57,0.47,40,46,0,1,Sinella,sp.,1,2,1,,,,,,terrestrial,
1,2,hoskins2020,Table 1,0,1,1.64,30,10,24,CTmin,C,1.64,2.14,0.37,0.55,51,51,0,1,Sinella,sp.,1,2,1,,,,,,terrestrial,
2,2,hoskins2020,Table 1,0,1,40.52,10,10,24,CTmax,C,40.52,39.4,0.33,0.16,45,48,0,1,Sinella,sp.,1,2,1,,,,,,terrestrial,
2,2,hoskins2020,Table 1,0,1,39.19,15,10,24,CTmax,C,39.19,40.05,0.45,0.43,45,51,0,1,Sinella,sp.,1,2,1,,,,,,terrestrial,
2,2,hoskins2020,Table 1,0,1,40.15,20,10,24,CTmax,C,40.15,39.99,0.43,0.35,69,52,0,1,Sinella,sp.,1,2,1,,,,,,terrestrial,
2,2,hoskins2020,Table 1,0,1,40.33,25,10,24,CTmax,C,40.33,39.77,0.26,0.62,47,49,0,1,Sinella,sp.,1,2,1,,,,,,terrestrial,
2,2,hoskins2020,Table 1,0,1,39.96,30,10,24,CTmax,C,39.96,40.33,0.42,0.78,48,44,0,1,Sinella,sp.,1,2,1,,,,,,terrestrial,
3,2,hoskins2020,Table 1,0,1,37.21,10,10,24,ULT50,C,37.21,37.75,0.36,0.65,3,3,0,1,Sinella,sp.,1,2,1,,,,,,terrestrial,
3,2,hoskins2020,Table 1,0,1,37.97,15,10,24,ULT50,C,37.97,37.71,0.51,0.62,3,3,0,1,Sinella,sp.,1,2,1,,,,,,terrestrial,
3,2,hoskins2020,Table 1,0,1,37.94,20,10,24,ULT50,C,37.94,38.01,0.18,0.14,3,3,0,1,Sinella,sp.,1,2,1,,,,,,terrestrial,
3,2,hoskins2020,Table 1,0,1,38.24,25,10,24,ULT50,C,38.24,38.56,0.21,0.36,3,3,0,1,Sinella,sp.,1,2,1,,,,,,terrestrial,
1,3,hoskins2020,Table 1,0,1,-3.16,10,10,24,CTmin,C,-3.16,-3.08,1.17,1.62,48,49,0,1,Cryptopygus ,sp.,1,2,1,,,,,,terrestrial,
1,3,hoskins2020,Table 1,0,1,-1.92,15,10,24,CTmin,C,-1.92,-2.56,0.94,0.83,48,49,0,1,Cryptopygus ,sp.,1,2,1,,,,,,terrestrial,
1,3,hoskins2020,Table 1,0,1,0.33,20,10,24,CTmin,C,0.33,-1.3,1.36,0.51,46,45,0,1,Cryptopygus ,sp.,1,2,1,,,,,,terrestrial,
1,3,hoskins2020,Table 1,0,1,-0.88,25,10,24,CTmin,C,-0.88,-0.22,0.54,0.75,45,54,0,1,Cryptopygus ,sp.,1,2,1,,,,,,terrestrial,
1,3,hoskins2020,Table 1,0,1,-0.32,30,10,24,CTmin,C,-0.32,0.4,0.35,0.6,50,47,0,1,Cryptopygus ,sp.,1,2,1,,,,,,terrestrial,
2,3,hoskins2020,Table 1,0,1,40.89,10,10,24,CTmax,C,40.89,41.55,0.7,0.72,49,49,0,1,Cryptopygus ,sp.,1,2,1,,,,,,terrestrial,
2,3,hoskins2020,Table 1,0,1,41.41,15,10,24,CTmax,C,41.41,40.87,0.71,0.4,48,48,0,1,Cryptopygus ,sp.,1,2,1,,,,,,terrestrial,
2,3,hoskins2020,Table 1,0,1,41.58,20,10,24,CTmax,C,41.58,41.25,0.67,0.57,49,49,0,1,Cryptopygus ,sp.,1,2,1,,,,,,terrestrial,
2,3,hoskins2020,Table 1,0,1,40.91,25,10,24,CTmax,C,40.91,42.02,0.69,0.45,43,43,0,1,Cryptopygus ,sp.,1,2,1,,,,,,terrestrial,
2,3,hoskins2020,Table 1,0,1,41.65,30,10,24,CTmax,C,41.65,42.8,0.39,0.8,55,55,0,1,Cryptopygus ,sp.,1,2,1,,,,,,terrestrial,
3,3,hoskins2020,Table 1,0,1,39.16,10,10,24,ULT50,C,39.16,38.22,0.8,0.43,3,3,0,1,Cryptopygus ,sp.,1,2,1,,,,,,terrestrial,
3,3,hoskins2020,Table 1,0,1,38.51,15,10,24,ULT50,C,38.51,39.03,0.25,0.25,3,3,0,1,Cryptopygus ,sp.,1,2,1,,,,,,terrestrial,
3,3,hoskins2020,Table 1,0,1,39.44,20,10,24,ULT50,C,39.44,38.68,0.38,0.69,3,3,0,1,Cryptopygus ,sp.,1,2,1,,,,,,terrestrial,
3,3,hoskins2020,Table 1,0,1,39.26,25,10,24,ULT50,C,39.26,39.33,0.29,0.33,3,3,0,1,Cryptopygus ,sp.,1,2,1,,,,,,terrestrial,
1,4,hoskins2020,Table 1,0,1,-1.86,10,10,24,CTmin,C,-1.86,-3.04,1.03,0.7,45,43,0,1,Desoria ,trispinata,1,2,1,,,,,,terrestrial,
1,4,hoskins2020,Table 1,0,1,-3.38,15,10,24,CTmin,C,-3.38,-3.07,0.78,0.4,49,47,0,1,Desoria ,trispinata,1,2,1,,,,,,terrestrial,
1,4,hoskins2020,Table 1,0,1,-3.06,20,10,24,CTmin,C,-3.06,-2.74,0.41,0.61,52,49,0,1,Desoria ,trispinata,1,2,1,,,,,,terrestrial,
1,4,hoskins2020,Table 1,0,1,-1.71,25,10,24,CTmin,C,-1.71,-1.82,0.76,0.61,43,48,0,1,Desoria ,trispinata,1,2,1,,,,,,terrestrial,
2,4,hoskins2020,Table 1,0,1,38.02,10,10,24,CTmax,C,38.02,38.49,0.83,0.35,46,49,0,1,Desoria ,trispinata,1,2,1,,,,,,terrestrial,
2,4,hoskins2020,Table 1,0,1,38.39,15,10,24,CTmax,C,38.39,37.86,0.58,0.31,52,50,0,1,Desoria ,trispinata,1,2,1,,,,,,terrestrial,
2,4,hoskins2020,Table 1,0,1,37.8,20,10,24,CTmax,C,37.8,38.12,0.26,0.32,51,47,0,1,Desoria ,trispinata,1,2,1,,,,,,terrestrial,
2,4,hoskins2020,Table 1,0,1,38.14,25,10,24,CTmax,C,38.14,38.47,0.43,0.38,58,46,0,1,Desoria ,trispinata,1,2,1,,,,,,terrestrial,
3,4,hoskins2020,Table 1,0,1,35.66,10,10,24,ULT50,C,35.66,35.53,0.58,0.49,3,3,0,1,Desoria ,trispinata,1,2,1,,,,,,terrestrial,
3,4,hoskins2020,Table 1,0,1,35.91,15,10,24,ULT50,C,35.91,35.75,0.42,0.12,3,3,0,1,Desoria ,trispinata,1,2,1,,,,,,terrestrial,
3,4,hoskins2020,Table 1,0,1,36.2,20,10,24,ULT50,C,36.2,36.09,0.4,0.13,3,3,0,1,Desoria ,trispinata,1,2,1,,,,,,terrestrial,
3,4,hoskins2020,Table 1,0,1,36.2,25,10,24,ULT50,C,36.2,36.49,0.34,0.43,3,3,0,1,Desoria ,trispinata,1,2,1,,,,,,terrestrial,
1,5,hoskins2020,Table 1,0,1,-2.22,10,10,24,CTmin,C,-2.22,-2.67,0.69,0.69,22,49,0,1,Folsomia ,sp.,1,2,1,,,,,,terrestrial,
1,5,hoskins2020,Table 1,0,1,-2.09,15,10,24,CTmin,C,-2.09,-2.28,0.51,0.7,50,47,0,1,Folsomia ,sp.,1,2,1,,,,,,terrestrial,
1,5,hoskins2020,Table 1,0,1,-1.77,20,10,24,CTmin,C,-1.77,-1.74,0.7,0.47,50,48,0,1,Folsomia ,sp.,1,2,1,,,,,,terrestrial,
1,5,hoskins2020,Table 1,0,1,-0.67,25,10,24,CTmin,C,-0.67,-1.04,0.57,0.41,53,51,0,1,Folsomia ,sp.,1,2,1,,,,,,terrestrial,
2,5,hoskins2020,Table 1,0,1,38.22,10,10,24,CTmax,C,38.22,38.22,0.88,0.48,47,49,0,1,Folsomia ,sp.,1,2,1,,,,,,terrestrial,
2,5,hoskins2020,Table 1,0,1,38.44,15,10,24,CTmax,C,38.44,38.08,0.39,0.4,48,47,0,1,Folsomia ,sp.,1,2,1,,,,,,terrestrial,
2,5,hoskins2020,Table 1,0,1,39.06,20,10,24,CTmax,C,39.06,38.84,0.65,0.59,56,49,0,1,Folsomia ,sp.,1,2,1,,,,,,terrestrial,
2,5,hoskins2020,Table 1,0,1,38.62,25,10,24,CTmax,C,38.62,38.98,0.41,0.43,49,47,0,1,Folsomia ,sp.,1,2,1,,,,,,terrestrial,
3,5,hoskins2020,Table 1,0,1,35.81,10,10,24,ULT50,C,35.81,34.85,0.79,0.42,3,3,0,1,Folsomia ,sp.,1,2,1,,,,,,terrestrial,
3,5,hoskins2020,Table 1,0,1,35.51,15,10,24,ULT50,C,35.51,35.74,0.28,0.39,3,3,0,1,Folsomia ,sp.,1,2,1,,,,,,terrestrial,
3,5,hoskins2020,Table 1,0,1,35.69,20,10,24,ULT50,C,35.69,35.57,0.72,0.27,3,3,0,1,Folsomia ,sp.,1,2,1,,,,,,terrestrial,
3,5,hoskins2020,Table 1,0,1,35.71,25,10,24,ULT50,C,35.71,36.35,0.43,0.38,3,3,0,1,Folsomia ,sp.,1,2,1,,,,,,terrestrial,
1,6,hoskins2020,Table 1,0,1,-1.65,10,10,24,CTmin,C,-1.65,-2.33,0.75,1.01,44,43,0,1,Hemisotoma,thermophila,1,2,1,,,,,,terrestrial,
1,6,hoskins2020,Table 1,0,1,-2.06,15,10,24,CTmin,C,-2.06,-2.18,0.89,0.64,54,48,0,1,Hemisotoma,thermophila,1,2,1,,,,,,terrestrial,
1,6,hoskins2020,Table 1,0,1,-0.48,20,10,24,CTmin,C,-0.48,-1.63,1.52,0.62,52,45,0,1,Hemisotoma,thermophila,1,2,1,,,,,,terrestrial,
1,6,hoskins2020,Table 1,0,1,-1.31,25,10,24,CTmin,C,-1.31,-0.59,0.72,0.9,44,44,0,1,Hemisotoma,thermophila,1,2,1,,,,,,terrestrial,
1,6,hoskins2020,Table 1,0,1,1.3,30,10,24,CTmin,C,1.3,1.51,0.73,1.11,47,43,0,1,Hemisotoma,thermophila,1,2,1,,,,,,terrestrial,
2,6,hoskins2020,Table 1,0,1,41.91,10,10,24,CTmax,C,41.91,42.4,0.79,0.58,58,46,0,1,Hemisotoma,thermophila,1,2,1,,,,,,terrestrial,
2,6,hoskins2020,Table 1,0,1,41.9,15,10,24,CTmax,C,41.9,42.47,1.05,0.95,40,40,0,1,Hemisotoma,thermophila,1,2,1,,,,,,terrestrial,
2,6,hoskins2020,Table 1,0,1,42.66,20,10,24,CTmax,C,42.66,42.49,0.62,0.77,52,50,0,1,Hemisotoma,thermophila,1,2,1,,,,,,terrestrial,
2,6,hoskins2020,Table 1,0,1,42.23,25,10,24,CTmax,C,42.23,42.8,0.74,0.81,57,40,0,1,Hemisotoma,thermophila,1,2,1,,,,,,terrestrial,
2,6,hoskins2020,Table 1,0,1,42.97,30,10,24,CTmax,C,42.97,43.07,0.7,0.76,50,56,0,1,Hemisotoma,thermophila,1,2,1,,,,,,terrestrial,
3,6,hoskins2020,Table 1,0,1,39.38,10,10,24,ULT50,C,39.38,39.25,0.73,0.35,3,3,0,1,Hemisotoma,thermophila,1,2,1,,,,,,terrestrial,
3,6,hoskins2020,Table 1,0,1,39.17,15,10,24,ULT50,C,39.17,39.42,0.39,0.39,3,3,0,1,Hemisotoma,thermophila,1,2,1,,,,,,terrestrial,
3,6,hoskins2020,Table 1,0,1,39.85,20,10,24,ULT50,C,39.85,39.25,0.39,0.45,3,3,0,1,Hemisotoma,thermophila,1,2,1,,,,,,terrestrial,
3,6,hoskins2020,Table 1,0,1,40.28,25,10,24,ULT50,C,40.28,40.59,0.58,0.34,3,3,0,1,Hemisotoma,thermophila,1,2,1,,,,,,terrestrial,
1,7,hoskins2020,Table 1,0,1,-0.52,10,10,24,CTmin,C,-0.52,0.1,0.34,0.81,50,43,0,1,Isotopenola,loftyensis,1,2,1,,,,,,terrestrial,
1,7,hoskins2020,Table 1,0,1,-0.03,15,10,24,CTmin,C,-0.03,-0.54,0.33,0.47,51,48,0,1,Isotopenola,loftyensis,1,2,1,,,,,,terrestrial,
1,7,hoskins2020,Table 1,0,1,0.44,20,10,24,CTmin,C,0.44,0.6,1.06,0.74,94,50,0,1,Isotopenola,loftyensis,1,2,1,,,,,,terrestrial,
1,7,hoskins2020,Table 1,0,1,0.18,25,10,24,CTmin,C,0.18,0.85,0.47,0.79,53,44,0,1,Isotopenola,loftyensis,1,2,1,,,,,,terrestrial,
1,7,hoskins2020,Table 1,0,1,1.85,30,10,24,CTmin,C,1.85,1.81,1.26,0.71,44,47,0,1,Isotopenola,loftyensis,1,2,1,,,,,,terrestrial,
2,7,hoskins2020,Table 1,0,1,41.31,10,10,24,CTmax,C,41.31,41.09,0.93,1.02,47,54,0,1,Isotopenola,loftyensis,1,2,1,,,,,,terrestrial,
2,7,hoskins2020,Table 1,0,1,41.2,15,10,24,CTmax,C,41.2,41.33,0.81,0.82,60,45,0,1,Isotopenola,loftyensis,1,2,1,,,,,,terrestrial,
2,7,hoskins2020,Table 1,0,1,40.73,20,10,24,CTmax,C,40.73,41.3,1.21,0.9,44,56,0,1,Isotopenola,loftyensis,1,2,1,,,,,,terrestrial,
2,7,hoskins2020,Table 1,0,1,41.59,25,10,24,CTmax,C,41.59,40.7,0.58,0.89,60,49,0,1,Isotopenola,loftyensis,1,2,1,,,,,,terrestrial,
2,7,hoskins2020,Table 1,0,1,41.61,30,10,24,CTmax,C,41.61,41.07,0.88,0.9,78,42,0,1,Isotopenola,loftyensis,1,2,1,,,,,,terrestrial,
3,7,hoskins2020,Table 1,0,1,38.28,10,10,24,ULT50,C,38.28,38.57,0.65,0.37,3,3,0,1,Isotopenola,loftyensis,1,2,1,,,,,,terrestrial,
3,7,hoskins2020,Table 1,0,1,38.37,15,10,24,ULT50,C,38.37,39,0.38,0.58,3,3,0,1,Isotopenola,loftyensis,1,2,1,,,,,,terrestrial,
3,7,hoskins2020,Table 1,0,1,39.14,20,10,24,ULT50,C,39.14,38.66,0.13,0.33,3,3,0,1,Isotopenola,loftyensis,1,2,1,,,,,,terrestrial,
3,7,hoskins2020,Table 1,0,1,38.93,25,10,24,ULT50,C,38.93,38.83,0.48,0.76,3,3,0,1,Isotopenola,loftyensis,1,2,1,,,,,,terrestrial,
1,8,hoskins2020,Table 1,0,1,-0.39,10,10,24,CTmin,C,-0.39,-0.23,0.77,0.72,65,56,0,1,Mucrosomia,caeca,1,2,1,,,,,,terrestrial,
1,8,hoskins2020,Table 1,0,1,-0.74,15,10,24,CTmin,C,-0.74,0.15,0.65,0.67,48,47,0,1,Mucrosomia,caeca,1,2,1,,,,,,terrestrial,
1,8,hoskins2020,Table 1,0,1,-0.24,20,10,24,CTmin,C,-0.24,-0.07,0.46,0.6,45,57,0,1,Mucrosomia,caeca,1,2,1,,,,,,terrestrial,
1,8,hoskins2020,Table 1,0,1,1.23,25,10,24,CTmin,C,1.23,0.94,0.59,0.75,48,51,0,1,Mucrosomia,caeca,1,2,1,,,,,,terrestrial,
2,8,hoskins2020,Table 1,0,1,36.01,10,10,24,CTmax,C,36.01,35.1,0.57,0.44,75,49,0,1,Mucrosomia,caeca,1,2,1,,,,,,terrestrial,
2,8,hoskins2020,Table 1,0,1,35.52,15,10,24,CTmax,C,35.52,35.42,0.36,0.61,51,47,0,1,Mucrosomia,caeca,1,2,1,,,,,,terrestrial,
2,8,hoskins2020,Table 1,0,1,35.09,20,10,24,CTmax,C,35.09,35.52,0.52,0.59,51,57,0,1,Mucrosomia,caeca,1,2,1,,,,,,terrestrial,
2,8,hoskins2020,Table 1,0,1,36.21,25,10,24,CTmax,C,36.21,36.76,0.59,0.24,54,50,0,1,Mucrosomia,caeca,1,2,1,,,,,,terrestrial,
3,8,hoskins2020,Table 1,0,1,34.09,10,10,24,ULT50,C,34.09,32.7,0.3,0.42,3,3,0,1,Mucrosomia,caeca,1,2,1,,,,,,terrestrial,
3,8,hoskins2020,Table 1,0,1,33.86,15,10,24,ULT50,C,33.86,33.2,0.13,0.7,3,3,0,1,Mucrosomia,caeca,1,2,1,,,,,,terrestrial,
3,8,hoskins2020,Table 1,0,1,34.05,20,10,24,ULT50,C,34.05,34.41,0.01,0.5,3,3,0,1,Mucrosomia,caeca,1,2,1,,,,,,terrestrial,
3,8,hoskins2020,Table 1,0,1,35.02,25,10,24,ULT50,C,35.02,34.55,0.59,0.56,3,3,0,1,Mucrosomia,caeca,1,2,1,,,,,,terrestrial,
1,9,hoskins2020,Table 1,0,1,-3.2,10,10,24,CTmin,C,-3.2,-2.48,0.58,1.11,47,44,0,1,Parisotoma,notabilis,1,2,1,,,,,,terrestrial,
1,9,hoskins2020,Table 1,0,1,-2.9,15,10,24,CTmin,C,-2.9,-1.31,0.4,0.82,43,46,0,1,Parisotoma,notabilis,1,2,1,,,,,,terrestrial,
1,9,hoskins2020,Table 1,0,1,-3.56,20,10,24,CTmin,C,-3.56,-0.94,1.02,0.69,45,50,0,1,Parisotoma,notabilis,1,2,1,,,,,,terrestrial,
1,9,hoskins2020,Table 1,0,1,-2.06,25,10,24,CTmin,C,-2.06,0.21,0.75,0.47,48,47,0,1,Parisotoma,notabilis,1,2,1,,,,,,terrestrial,
2,9,hoskins2020,Table 1,0,1,37.07,10,10,24,CTmax,C,37.07,37.48,0.41,0.38,49,43,0,1,Parisotoma,notabilis,1,2,1,,,,,,terrestrial,
2,9,hoskins2020,Table 1,0,1,36.91,15,10,24,CTmax,C,36.91,37.76,0.37,0.36,56,47,0,1,Parisotoma,notabilis,1,2,1,,,,,,terrestrial,
2,9,hoskins2020,Table 1,0,1,36.84,20,10,24,CTmax,C,36.84,36.67,0.3,0.64,45,52,0,1,Parisotoma,notabilis,1,2,1,,,,,,terrestrial,
2,9,hoskins2020,Table 1,0,1,37.13,25,10,24,CTmax,C,37.13,38.08,0.37,0.64,45,51,0,1,Parisotoma,notabilis,1,2,1,,,,,,terrestrial,
3,9,hoskins2020,Table 1,0,1,34.63,10,10,24,ULT50,C,34.63,34.57,0.62,0.36,3,3,0,1,Parisotoma,notabilis,1,2,1,,,,,,terrestrial,
3,9,hoskins2020,Table 1,0,1,34.18,15,10,24,ULT50,C,34.18,34.75,0.15,0.41,3,3,0,1,Parisotoma,notabilis,1,2,1,,,,,,terrestrial,
3,9,hoskins2020,Table 1,0,1,34.99,20,10,24,ULT50,C,34.99,35.94,0,0.07,3,3,0,1,Parisotoma,notabilis,1,2,1,,,,,,terrestrial,
3,9,hoskins2020,Table 1,0,1,35.53,25,10,24,ULT50,C,35.53,36.09,0.01,0.36,3,3,0,1,Parisotoma,notabilis,1,2,1,,,,,,terrestrial,
1,10,hoskins2020,Table 1,0,1,-2.33,10,10,24,CTmin,C,-2.33,-2.98,0.87,0.49,48,47,0,1,Orthonychuirus,cf. folsomi,1,2,1,,,,,,terrestrial,
1,10,hoskins2020,Table 1,0,1,-1.76,15,10,24,CTmin,C,-1.76,-1.68,1.02,0.76,53,46,0,1,Orthonychuirus,cf. folsomi,1,2,1,,,,,,terrestrial,
1,10,hoskins2020,Table 1,0,1,-0.38,20,10,24,CTmin,C,-0.38,-2.26,1.19,0.72,43,42,0,1,Orthonychuirus,cf. folsomi,1,2,1,,,,,,terrestrial,
1,10,hoskins2020,Table 1,0,1,0.43,25,10,24,CTmin,C,0.43,-0.86,0.67,0.79,59,48,0,1,Orthonychuirus,cf. folsomi,1,2,1,,,,,,terrestrial,
2,10,hoskins2020,Table 1,0,1,37.5,10,10,24,CTmax,C,37.5,36.13,0.41,0.43,52,49,0,1,Orthonychuirus,cf. folsomi,1,2,1,,,,,,terrestrial,
2,10,hoskins2020,Table 1,0,1,37.63,15,10,24,CTmax,C,37.63,36.93,0.64,0.48,47,41,0,1,Orthonychuirus,cf. folsomi,1,2,1,,,,,,terrestrial,
2,10,hoskins2020,Table 1,0,1,37.22,20,10,24,CTmax,C,37.22,37.33,0.59,0.27,111,42,0,1,Orthonychuirus,cf. folsomi,1,2,1,,,,,,terrestrial,
2,10,hoskins2020,Table 1,0,1,38.27,25,10,24,CTmax,C,38.27,37.58,0.47,0.39,47,42,0,1,Orthonychuirus,cf. folsomi,1,2,1,,,,,,terrestrial,
3,10,hoskins2020,Table 1,0,1,35.71,10,10,24,ULT50,C,35.71,34.45,0.26,0.12,3,3,0,1,Orthonychuirus,cf. folsomi,1,2,1,,,,,,terrestrial,
3,10,hoskins2020,Table 1,0,1,34.99,15,10,24,ULT50,C,34.99,34.33,0,0.05,3,3,0,1,Orthonychuirus,cf. folsomi,1,2,1,,,,,,terrestrial,
3,10,hoskins2020,Table 1,0,1,35.93,20,10,24,ULT50,C,35.93,35.17,0.14,0.2,3,3,0,1,Orthonychuirus,cf. folsomi,1,2,1,,,,,,terrestrial,
3,10,hoskins2020,Table 1,0,1,36.16,25,10,24,ULT50,C,36.16,35.37,0.14,0.23,3,3,0,1,Orthonychuirus,cf. folsomi,1,2,1,,,,,,terrestrial,
1,1,bozinovic2016,Figure 2,0,1,7.908191177,20,10,24,CTmin,C,7.908191177,8.456259014,0.288456756,0.288456756,200,200,1,1,Drosophila ,melanogaster,1,2,1,,,,,,terrestrial,
2,1,bozinovic2016,Figure 2,0,1,37.83796514,20,10,24,CTmax,C,37.83796514,38.11417805,0.218181818,0.218181818,200,200,1,1,Drosophila ,melanogaster,1,2,1,,,,,,terrestrial,
1,2,bozinovic2016,Figure 3,0,1,29.86842861,20,10,24,Scope of thermal tolerance (CTmax - CTmin),C,29.86842861,29.59431622,0.249111909,0.249111909,200,200,1,1,Drosophila ,melanogaster,1,2,1,,,,,,terrestrial,
1,1,delnat2019,Figure 2a,0,1,40.6,20,7,24,CTmax,C,40.6,40.86415094,0.303773585,0.303773585,75,78,1,0,Culex,pipiens,1,0,1,insecticide exposure,absence,,,,terrestrial,
1,1,delnat2019,Figure 2a,0,1,36.79622642,20,7,24,CTmax,C,36.79622642,35.9509434,0.303773585,0.316981132,78,76,1,0,Culex,pipiens,1,0,1,insecticide exposure,presence,,,,terrestrial,
1,1,delnat2019,Figure 2a,0,1,40.6,20,14,24,CTmax,C,40.6,41.02264151,0.303773585,0.316981132,75,72,1,0,Culex,pipiens,1,0,1,insecticide exposure,absence,,,,terrestrial,
1,1,delnat2019,Figure 2a,0,1,36.79622642,20,14,24,CTmax,C,36.79622642,38.09056604,0.303773585,0.343396226,78,68,1,0,Culex,pipiens,1,0,1,insecticide exposure,presence,,,,terrestrial,
1,2,delnat2019,Figure 2b,0,1,39.41132075,20,7,24,CTmax,C,39.41132075,40.09811321,0.277358491,0.330188679,106,76,1,0,Culex,pipiens,1,2,1,insecticide exposure,absence,sex,male,,terrestrial,
1,2,delnat2019,Figure 2b,0,1,36.24150943,20,7,24,CTmax,C,36.24150943,37.77358491,0.409433962,0.369811321,50,60,1,0,Culex,pipiens,1,2,1,insecticide exposure,presence,sex,male,,terrestrial,
1,2,delnat2019,Figure 2b,0,1,39.41132075,20,14,24,CTmax,C,39.41132075,40.07169811,0.277358491,0.303773585,106,89,1,0,Culex,pipiens,1,2,1,insecticide exposure,absence,sex,male,,terrestrial,
1,2,delnat2019,Figure 2b,0,1,36.24150943,20,14,24,CTmax,C,36.24150943,37.56226415,0.409433962,0.449056604,50,44,1,0,Culex,pipiens,1,2,1,insecticide exposure,presence,sex,male,,terrestrial,
1,3,delnat2019,Figure 2c,0,1,40.01886792,20,14,24,CTmax,C,40.01886792,40.78490566,0.369811321,0.396226415,84,63,1,0,Culex,pipiens,1,2,1,insecticide exposure,presence,sex,female,,terrestrial,
1,3,delnat2019,Figure 2c,0,1,39.54339623,20,14,24,CTmax,C,39.54339623,38.53962264,0.383018868,0.396226415,68,60,1,0,Culex,pipiens,1,2,1,insecticide exposure,presence,sex,female,,terrestrial,
1,3,delnat2019,Figure 2c,0,1,40.01886792,20,14,24,CTmax,C,40.01886792,41.0754717,0.369811321,0.422641509,84,57,1,0,Culex,pipiens,1,2,1,insecticide exposure,presence,sex,female,,terrestrial,
1,3,delnat2019,Figure 2c,0,1,39.54339623,20,14,24,CTmax,C,39.54339623,38.80377358,0.383018868,0.383018868,68,65,1,0,Culex,pipiens,1,2,1,insecticide exposure,presence,sex,female,,terrestrial,
1,1,haupt2017,Table 2,0,1,23.6,10,10,24,Topt,C,23.6,22.9,1.15,0.79,35,33,0,0,Pringleophaga ,marioni,1,1,1,,,,,,terrestrial,
2,1,haupt2017,Table 2,0,1,,10,10,24,Umax,mm * sec^-1,4.9,5.4,0.25,0.22,28,28,0,0,Pringleophaga ,marioni,1,1,1,,,,,,terrestrial,
3,1,haupt2017,Table 2,0,1,18.9,10,10,24,Performance breadth (Tbr),C,18.9,16.1,0.92,0.77,35,33,0,0,Pringleophaga ,marioni,1,1,1,,,,,,terrestrial,
1,2,haupt2017,Figure 1,0,1,5.357142857,10,10,24,Thermal preference,C,5.357142857,3.968990717,9.885825675,4.735883424,35,33,1,1,Pringleophaga ,marioni,1,1,1,,including CTmin,,,,terrestrial,
1,3,haupt2017,Figure 3a,0,1,5.441176471,10,10,24,Tpref,C,5.441176471,5.085706751,9.803921569,10.17260998,35,33,1,1,Pringleophaga ,marioni,1,1,1,,including CTmin,,,,terrestrial,
1,4,haupt2017,Figure 4,0,1,0,10,10,24,Speed,mm * sec^-1,0.690121786,0.600600601,0.067658999,0.067567568,28,28,1,0,Pringleophaga ,marioni,1,1,1,,,,,,terrestrial,
1,4,haupt2017,Figure 4,0,1,0,10,10,24,Speed,mm * sec^-1,1.745602165,1.786786787,0.081190798,0.09009009,28,28,1,0,Pringleophaga ,marioni,1,1,1,,,,,,terrestrial,
1,4,haupt2017,Figure 4,0,1,10,10,10,24,Speed,mm * sec^-1,2.625169147,2.942942943,0.148849797,0.165165165,28,28,1,0,Pringleophaga ,marioni,1,1,1,,,,,,terrestrial,
1,4,haupt2017,Figure 4,0,1,15,10,10,24,Speed,mm * sec^-1,3.721244926,4.084084084,0.230040595,0.195195195,28,28,1,0,Pringleophaga ,marioni,1,1,1,,,,,,terrestrial,
1,4,haupt2017,Figure 4,0,1,20,10,10,24,Speed,mm * sec^-1,4.411366712,4.864864865,0.243572395,0.21021021,28,28,1,0,Pringleophaga ,marioni,1,1,1,,,,,,terrestrial,
1,4,haupt2017,Figure 4,0,1,25,10,10,24,Speed,mm * sec^-1,4.248985115,4.804804805,0.304465494,0.247747748,28,28,1,0,Pringleophaga ,marioni,1,1,1,,,,,,terrestrial,
1,4,haupt2017,Figure 4,0,1,30,10,10,24,Speed,mm * sec^-1,4.046008119,3.978978979,0.284167794,0.165165165,28,28,1,0,Pringleophaga ,marioni,1,1,1,,,,,,terrestrial,
1,4,haupt2017,Figure 4,0,1,35,10,10,24,Speed,mm * sec^-1,3.315290934,3.213213213,0.216508796,0.225225225,28,28,1,0,Pringleophaga ,marioni,1,1,1,exposure environment,fluctuating,,,,terrestrial,
1,1,maneti2018,Figure 1,0,1,37.5,23,15,24,Time to heat knockdown,min,61.7761343,58.5282967,1.7616222,2.21070812,192,192,1,0,Drosophila ,simulans,1,2,1,exposure environment,constant,,,,terrestrial,
1,2,maneti2018,Figure 1,0,1,37.5,23,15,24,Time to heat knockdown,min,36.0766524,29.7198633,1.83074266,1.51986183,192,192,1,0,Drosophila ,simulans,1,2,1,,,,,,terrestrial,
1,3,maneti2018,Figure 2,0,1,39.05433912,23,15,24,CTmax,C,39.05433912,40.23062117,0.11858974,0.096153846,16,16,1,0,Drosophila ,simulans,1,2,1,,,,,,terrestrial,
1,3,maneti2018,Figure 2,0,1,39.44520798,23,15,24,CTmax,C,39.44520798,39.85225927,0.105769231,0.081730769,16,16,1,0,Drosophila ,simulans,1,2,1,,,,,,terrestrial,
1,3,maneti2018,Figure 2,0,1,39.6373589,23,15,24,CTmax,C,39.6373589,40.00594865,0.118589744,0.068914611,16,16,1,0,Drosophila ,simulans,1,2,1,,,,,,terrestrial,
1,1,peng2014,Figure 1a,0,1,33.2830189,20,10,24,CTmax,C,33.2830189,35.2641509,0.79245283,0.59433962,8,8,1,0,Parabramis ,pekinensis,1,1,2,,,,,,aquatic ,
2,1,peng2014,Figure 1b,0,1,5.18441558,20,10,24,CTmin,C,5.18441558,4.87725178,0.25345622,0.1843318,8,8,1,0,Parabramis ,pekinensis,1,1,2,,,,,,aquatic ,
3,1,peng2014,Figure 1c,0,1,34.1946903,20,10,24,LTmax,C,34.1946903,36.0530973,0.37168142,0.18584071,8,8,1,0,Parabramis ,pekinensis,1,1,2,,,,,,aquatic ,
4,1,peng2014,Figure 1d,0,1,3.41991342,20,10,24,LTmin,C,3.41991342,2.55411255,0.19480519,0.17316017,8,8,1,0,Parabramis ,pekinensis,1,1,2,,,,,,aquatic ,
1,1,sheldon2020,Figure 1,0,0,10,20,5,24,log CO2 production,uL * min^-1,0.462739323,0.446539028,0.067746686,0.064064801,5,5,1,0,Phanaeus ,vindex,1,2,1,,,,,,terrestrial,
1,1,sheldon2020,Figure 1,0,0,15,20,5,24,log CO2 production,uL * min^-1,0.518703976,0.414138439,0.064801178,0.070692194,5,5,1,0,Phanaeus ,vindex,1,2,1,,,,,,terrestrial,
1,1,sheldon2020,Figure 1,0,0,20,20,5,24,log CO2 production,uL * min^-1,0.657142857,0.542268041,0.085419735,0.092783505,5,5,1,0,Phanaeus ,vindex,1,2,1,,,,,,terrestrial,
1,1,sheldon2020,Figure 1,0,0,25,20,5,24,log CO2 production,uL * min^-1,0.619587629,0.623269514,0.082474227,0.086156112,5,5,1,0,Phanaeus ,vindex,1,2,1,,,,,,terrestrial,
1,1,sheldon2020,Figure 1,0,0,10,20,12,24,log CO2 production,uL * min^-1,0.462739323,0.446539028,0.067746686,0.066273932,5,5,1,0,Phanaeus ,vindex,1,2,1,,,,,,terrestrial,
1,1,sheldon2020,Figure 1,0,0,15,20,12,24,log CO2 production,uL * min^-1,0.518703976,0.483357879,0.064801178,0.072164948,5,5,1,0,Phanaeus ,vindex,1,2,1,,,,,,terrestrial,
1,1,sheldon2020,Figure 1,0,0,20,20,12,24,log CO2 production,uL * min^-1,0.657142857,0.571723122,0.085419735,0.072901325,5,5,1,0,Phanaeus ,vindex,1,2,1,,,,,,terrestrial,
1,1,sheldon2020,Figure 1,0,0,25,20,12,24,log CO2 production,uL * min^-1,0.619587629,0.573195876,0.082474227,0.082474227,5,5,1,0,Phanaeus ,vindex,1,2,1,,,,,,terrestrial,