response_id,experiment_id,study_id,origin,org_level,flux_treatment,flux_pattern,temp_ini,mean_temp_constant,min_temp,max_temp,flux_range,period_flux,resp_def,resp_units,constant_resp,flux_resp,constant_variance,flux_variance,constant_samp,flux_samp,resp_quality,variance_type,genus,species,larger_group,exp_age,size,add_covariate ,add_covariate_value,extra_covariate ,extra_value,add_info,time_point ,time_units,same_mean (y/n),stressful
1,1,du2009,figure 3,0,1,1,,28,25,31,6,24,body mass,g,5.628507795,5.248997773,0.128285078,0.160356347,24,25,1,0,Mauremys,reevesii,1,0,2,sex,male,,,,,,y,n
1,1,du2009,figure 3,0,1,1,,28,22,34,12,24,body mass,g,5.628507795,5.323830735,0.128285078,0.277951002,24,25,1,0,Mauremys,reevesii,1,0,2,sex,male,,,,,,y,n
1,1,du2009,figure 3,0,1,1,,28,25,31,6,24,body mass,g,5.628507795,5.248997773,0.098886414,0.098886414,14,9,1,0,Mauremys,reevesii,1,0,2,sex,female,,,,,,y,n
1,1,du2009,figure 3,0,1,1,,28,22,34,12,24,body mass,g,5.628507795,5.259688196,0.098886414,0.096213808,14,3,1,0,Mauremys,reevesii,1,0,2,sex,female,,,,,,y,n
2,1,du2009,figure 3,0,1,1,,28,25,31,6,24,carapace height,mm,28.11333333,27.26,0.24,0.306666667,24,25,1,0,Mauremys,reevesii,1,0,2,sex,male,,,,,,y,n
2,1,du2009,figure 3,0,1,1,,28,22,34,12,24,carapace height,mm,28.11333333,27.36666667,0.24,0.526666667,24,25,1,0,Mauremys,reevesii,1,0,2,sex,male,,,,,,y,n
2,1,du2009,figure 3,0,1,1,,28,25,31,6,24,carapace height,mm,28.10888889,27.70444444,0.186666667,0.184444444,14,9,1,0,Mauremys,reevesii,1,0,2,sex,female,,,,,,y,n
2,1,du2009,figure 3,0,1,1,,28,22,34,12,24,carapace height,mm,28.10888889,27.84666667,0.186666667,0.177777778,14,3,1,0,Mauremys,reevesii,1,0,2,sex,female,,,,,,y,n
3,1,du2009,figure 3,0,1,1,,28,25,31,6,24,carapace width ,mm,22.70646739,21.53460404,0.294619565,0.378348214,24,25,1,0,Mauremys,reevesii,1,0,2,sex,male,,,,,,y,n
3,1,du2009,figure 3,0,1,1,,28,22,34,12,24,carapace width ,mm,22.70646739,21.98325311,0.294619565,0.649553571,24,25,1,0,Mauremys,reevesii,1,0,2,sex,male,,,,,,y,n
3,1,du2009,figure 3,0,1,1,,28,25,31,6,24,carapace width ,mm,22.63950311,21.78906832,0.220958851,0.231026786,14,9,1,0,Mauremys,reevesii,1,0,2,sex,female,,,,,,y,n
3,1,du2009,figure 3,0,1,1,,28,22,34,12,24,carapace width ,mm,22.63950311,22.21093168,0.220958851,0.234375,14,3,1,0,Mauremys,reevesii,1,0,2,sex,female,,,,,,y,n
4,2,du2009,figure 4,0,1,1,,28,25,31,6,24,body mass,g,270.773639,309.8853868,15.04297994,21.06017192,23,24,1,0,Mauremys,reevesii,1,1,2,sex,female,,,,455.8352983,days since hatching,y,n
4,2,du2009,figure 4,0,1,1,,28,22,34,12,24,body mass,g,270.773639,300.8595989,15.04297994,16.04584527,23,24,1,0,Mauremys,reevesii,1,1,2,sex,female,,,,455.8352983,days since hatching,y,n
4,2,du2009,figure 4,0,1,1,,28,25,31,6,24,body mass,g,129.3696275,108.3094556,25.07163324,23.56733524,14,9,1,0,Mauremys,reevesii,1,1,2,sex,male,,,,455.2357123,days since hatching,y,n
4,2,du2009,figure 4,0,1,1,,28,22,34,12,24,body mass,g,129.3696275,108.3094556,25.07163324,24.57020057,14,3,1,0,Mauremys,reevesii,1,1,2,sex,male,,,,455.2357123,days since hatching,y,n
1,1,garcaruiz2011,table 1,0,1,1,24,15,12,18.5,6.5,24,developmental time,days ,29.48,29.6,0.07,0.32,101,113,0,0,Xylotrechus ,arvicola,1,1,1,,,,,,,,y,
1,1,garcaruiz2011,table 1,0,1,1,24,18,12,24.5,12.5,24,developmental time,days ,17.52,16.04,0.05,0.04,114,155,0,0,Xylotrechus ,arvicola,1,1,1,,,,,,,,y,
1,1,garcaruiz2011,table 1,0,1,1,24,21,14.5,27.5,13,24,developmental time,days ,10.3,11.48,0.07,0.08,107,148,0,0,Xylotrechus ,arvicola,1,1,1,,,,,,,,y,
1,1,garcaruiz2011,table 1,0,1,1,24,24,17,30,13,24,developmental time,days ,8.02,10.61,0.02,0.04,115,184,0,0,Xylotrechus ,arvicola,1,1,1,,,,,,,,y,
1,1,garcaruiz2011,table 1,0,1,1,24,27,17.5,30.5,13,24,developmental time,days ,7,7.56,0,0.04,77,186,0,0,Xylotrechus ,arvicola,1,1,1,,,,,,,,y,
1,1,garcaruiz2011,table 1,0,1,1,24,30,23.5,36.5,13,24,developmental time,days ,6.95,7.32,0.03,0.07,106,150,0,0,Xylotrechus ,arvicola,1,1,1,,,,,,,,y,
1,1,garcaruiz2011,table 1,0,1,1,24,32,26.5,36.5,10,24,developmental time,days ,6.03,7.25,0.09,0.09,68,96,0,0,Xylotrechus ,arvicola,1,1,1,,,,,,,,y,
1,1,garcaruiz2011,table 1,0,1,1,24,34,30.5,36.5,6,24,developmental time,days ,6.41,7.31,0.09,0.15,144,128,0,0,Xylotrechus ,arvicola,1,1,1,,,,,,,,y,
1,1,garcaruiz2011,table 1,0,1,1,24,35,32,36.5,4.5,24,developmental time,days ,7.48,8,0.12,,178,103,0,0,Xylotrechus ,arvicola,1,1,1,,,,,,,,y,
2,1,glass2019,figure 2a,0,1,1,24,28,23,33,10,24,"ovary mass, dry",mg,7.717842324,7.966804979,2.116182573,1.12033195,125,125,1,0,Gryllus ,firmus,1,1,1,food availability ,low ,morph ,long winged,,,,y,y
2,1,glass2019,figure 2a,0,1,1,24,28,23,33,10,24,"ovary mass, dry",mg,17.42738589,14.68879668,5.601659751,5.975103734,125,125,1,0,Gryllus ,firmus,1,1,1,food availability ,low ,morph ,short winged,,,,y,y
2,1,glass2019,figure 2a,0,1,1,24,28,23,33,10,24,"ovary mass, dry",mg,28.63070539,28.63070539,3.98340249,4.356846473,125,125,1,0,Gryllus ,firmus,1,1,1,food availability ,high  ,morph ,long winged,,,,y,y
2,1,glass2019,figure 2a,0,1,1,24,28,23,33,10,24,"ovary mass, dry",mg,35.60165975,41.82572614,6.22406639,8.091286307,125,125,1,0,Gryllus ,firmus,1,1,1,food availability ,high  ,morph ,short winged,,,,y,y
2,1,glass2019,figure 2b,0,1,1,24,28,23,33,10,24,"testes mass, dry",mg,8.165975104,8.713692946,0.721991701,0.572614108,121,121,1,0,Gryllus ,firmus,1,1,1,food availability ,low ,morph ,long winged,,,,y,y
2,1,glass2019,figure 2b,0,1,1,24,28,23,33,10,24,"testes mass, dry",mg,7.369294606,9.609958506,0.622406639,0.746887967,121,121,1,0,Gryllus ,firmus,1,1,1,food availability ,low ,morph ,short winged,,,,y,y
2,1,glass2019,figure 2b,0,1,1,24,28,23,33,10,24,"testes mass, dry",mg,9.958506224,8.912863071,0.423236515,0.721991701,121,121,1,0,Gryllus ,firmus,1,1,1,food availability ,high  ,morph ,long winged,,,,y,y
2,1,glass2019,figure 2b,0,1,1,24,28,23,33,10,24,"testes mass, dry",mg,8.315352697,8.165975104,0.746887967,0.67219917,121,121,1,0,Gryllus ,firmus,1,1,1,food availability ,high  ,morph ,short winged,,,,y,n
1,1,kern_2015phys,table 1,0,1,1,,24,20,30,10,24,development to stages 35-37,days ,90.79,115.55,0.72,0.86,192,192,0,0,Limnodynastes,peronii,1,1,2,,,,,,,,y,n
2,1,kern_2015phys,table 1,0,1,1,,24,20,30,10,24,body mass,g ,338.24,320.95,7.41,5.4,192,192,0,0,Limnodynastes,peronii,1,1,2,,,,,,,,y,n
3,1,kern_2015phys,table 1,0,1,1,,24,20,30,10,24,body length,mm,12.44,12.46,0.1,0.1,192,192,0,0,Limnodynastes,peronii,1,1,2,,,,,,,,y,n
4,1,kern_2015phys,table 1,0,1,1,,24,20,30,10,24,tail length,mm,26.2,25.12,0.3,0.25,192,192,0,0,Limnodynastes,peronii,1,1,2,,,,,,,,y,n
1,1,kern_2015phys,table 1,0,1,1,,24,20,30,10,24,development to stages 35-37,days ,156.43,200.93,1.1,0.65,163,163,0,0,Limnodynastes,tasmaniensis,1,1,2,,,,,,,,y,n
2,1,kern_2015phys,table 1,0,1,1,,24,20,30,10,24,body mass,g ,463.13,370.12,8.92,9.24,163,163,0,0,Limnodynastes,tasmaniensis,1,1,2,,,,,,,,y,n
3,1,kern_2015phys,table 1,0,1,1,,24,20,30,10,24,body length,mm,14.16,13.46,0.12,0.13,163,163,0,0,Limnodynastes,tasmaniensis,1,1,2,,,,,,,,y,n
4,1,kern_2015phys,table 1,0,1,1,,24,20,30,10,24,tail length,mm,28.03,24.1,0.24,0.25,163,163,0,0,Limnodynastes,tasmaniensis,1,1,2,,,,,,,,y,n
1,1,kern_2015phys,table 1,0,1,1,,24,20,30,10,24,development to stages 35-37,days ,29.75,25.6,0.38,0.33,245,245,0,0,Platyplectrum ,ornatum,1,1,2,,,,,,,,y,n
2,1,kern_2015phys,table 1,0,1,1,,24,20,30,10,24,body mass,g ,243.26,182.66,6.16,4.62,245,245,0,0,Platyplectrum ,ornatum,1,1,2,,,,,,,,y,n
4,1,kern_2015phys,table 1,0,1,1,,24,20,30,10,24,body length,mm,11.48,10.46,0.12,0.11,245,245,0,0,Platyplectrum ,ornatum,1,1,2,,,,,,,,y,n
3,1,kern_2015phys,table 1,0,1,1,,24,20,30,10,24,tail length,mm,19.77,17.78,0.21,0.22,245,245,0,0,Platyplectrum ,ornatum,1,1,2,,,,,,,,y,n
1,1,maneti2014,figure 2a,0,2,1,23,23,13,28,15,24,productivity,offspring/female,78.12,70.56,2.16,2.7,20,20,1,0,Drosophila ,simulans,1,1,1,,,,,,,,y,y
1,1,maneti2014,figure 2a,0,3,1,23,23,13,28,15,24,productivity,offspring/female,78.12,72.84,2.16,2.4,20,20,1,0,Drosophila ,simulans,1,1,1,,,,,,,,y,y
2,1,maneti2014,figure 2c,1,2,1,23,23,13,28,15,24,egg to adult viability ,percent,70.90687473,71.96135094,2.389558233,3.092369478,20,20,1,0,Drosophila ,simulans,1,1,1,,,,,,,,y,y
2,1,maneti2014,figure 2c,1,3,1,23,23,13,28,15,24,egg to adult viability ,percent,70.90687473,82.01181108,2.389558233,3.092369478,20,20,1,0,Drosophila ,simulans,1,1,1,,,,,,,,y,y
3,1,maneti2014,figure 2e,0,2,1,23,23,13,28,15,24,developmental time,days ,10.2313253,11.0939759,0.014457831,0.01686747,20,20,1,0,Drosophila ,simulans,1,1,1,,,,,,,,y,y
3,1,maneti2014,figure 2e,0,3,1,23,23,13,28,15,24,developmental time,days ,10.2313253,10.04819277,0.014457831,0.019277108,20,20,1,0,Drosophila ,simulans,1,1,1,,,,,,,,y,y
4,1,maneti2014,figure 2f,0,2,1,23,23,13,28,15,24,dessication tolerance,time to  death (hour),15.53071892,14.5769634,0.351410811,0.321289884,20,20,1,0,Drosophila ,simulans,1,1,1,,,,,,,,y,y
4,1,maneti2014,figure 2f,0,3,1,23,23,13,28,15,24,dessication tolerance,time to  death (hour),15.53071892,13.84402085,0.351410811,0.301209267,20,20,1,0,Drosophila ,simulans,1,1,1,,,,,,,,y,y
5,1,maneti2014,figure 2g,0,2,1,23,23,13,28,15,24,body (centroid) size,pixels,1460.333824,1416.933824,4.6,5.4,20,20,1,0,Drosophila ,simulans,1,1,1,,,,,,,,y,y
5,1,maneti2014,figure 2g,0,3,1,23,23,13,28,15,24,body (centroid) size,pixels,1460.333824,1437.933824,4.6,4.6,20,20,1,0,Drosophila ,simulans,1,1,1,,,,,,,,y,y
6,1,maneti2014,figure 2h ,0,2,1,23,23,13,28,15,24,startvation tolerance,time to  death (hour),4.001205617,4.017421834,0.059459459,0.057657658,20,20,1,0,Drosophila ,simulans,1,1,1,,,,,,,,y,y
6,1,maneti2014,figure 2h ,0,3,1,23,23,13,28,15,24,startvation tolerance,time to  death (hour),4.001205617,3.810227875,0.059459459,0.05586248,20,20,1,0,Drosophila ,simulans,1,1,1,,,,,,,,y,y
1,1,rolandi2018,figure 2a,0,1,1,,24,17,32,15,24,average number of eggs laid per female,eggs laid ,0.17257319,0.073959938,,32.91479821,300,300,1,0,Rhodnius,prolixus,1,2,1,sexual maturity ,mated females,,,,32.98953662,days after feeding ,y,n
1,1,rolandi2018,figure 2a,0,1,1,,24,17,32,15,24,average number of eggs laid per female,eggs laid ,1.25731895,-0.012326656,0.560862866,,300,300,1,0,Rhodnius,prolixus,1,2,1,sexual maturity ,virgin females,,,,32.98953662,days after feeding ,y,n
2,2,rolandi2018,figure 2b,0,1,1,,24,17,32,15,24,average cumulative number of eggs laid per female,eggs laid ,32.56667133,20.37290121,2.219420294,2.117341548,300,300,1,0,Rhodnius,prolixus,1,2,1,sexual maturity ,mated females,,,,32.91380781,days after feeding ,y,n
2,2,rolandi2018,figure 2b,0,1,1,,24,17,32,15,24,average cumulative number of eggs laid per female,eggs laid ,10.066805,9.556602212,2.091831409,1.836730018,300,300,1,0,Rhodnius,prolixus,1,2,1,sexual maturity ,virgin females,,,,32.97930165,days after feeding ,y,n
1,1,simonici2019,table 1,1,1,1,,31,29,33,4,24,percent females,percent,100,89.4,0,6,18,27,0,0,Caiman,latirostris,1,1,3,year of experiment ,first year,,,,,,y,n
2,1,simonici2019,table 1,0,1,1,,31,29,33,4,24,incubation period,days ,75.6,74.9,0.3,0.3,18,27,0,0,Caiman,latirostris,1,1,3,year of experiment ,first year,,,,,,y,n
3,1,simonici2019,table 1,1,1,1,,31,29,33,4,24,hatching success,percent,71,83,5,4,18,27,0,0,Caiman,latirostris,1,1,3,year of experiment ,first year,,,,,,y,n
4,1,simonici2019,table 1,0,1,1,,31,29,33,4,24,total length ,cm ,24.2,24.9,0.2,0.5,18,27,0,0,Caiman,latirostris,1,1,3,year of experiment ,first year,,,,,,y,n
5,1,simonici2019,table 1,0,1,1,,31,29,33,4,24,mass ,g ,51.6,51.4,1,1,18,27,0,0,Caiman,latirostris,1,1,3,year of experiment ,first year,,,,,,y,n
1,1,simonici2019,table 1,1,1,1,,32,31,33,2,24,percent females,percent,71.6,65,10,11,25,21,0,0,Caiman,latirostris,1,1,3,year of experiment ,second year,,,,,,y,n
2,1,simonici2019,table 1,0,1,1,,32,31,33,2,24,incubation period,days ,71.4,71.8,0.4,0.4,25,21,0,0,Caiman,latirostris,1,1,3,year of experiment ,second year,,,,,,y,n
3,1,simonici2019,table 1,1,1,1,,32,31,33,2,24,hatching success,percent,85,52.5,6,8,25,21,0,0,Caiman,latirostris,1,1,3,year of experiment ,second year,,,,,,y,n
4,1,simonici2019,table 1,0,1,1,,32,31,33,2,24,total length ,cm ,22.2,20.3,0.3,0.3,25,21,0,0,Caiman,latirostris,1,1,3,year of experiment ,second year,,,,,,y,n
5,1,simonici2019,table 1,0,1,1,,32,31,33,2,24,mass ,g ,44.3,37.3,0.7,0.7,25,21,0,0,Caiman,latirostris,1,1,3,year of experiment ,second year,,,,,,y,n
1,1,simonici2019,table 1,1,1,1,,32,30,34,4,24,percent females,percent,71.6,84,10,7,25,26,0,0,Caiman,latirostris,1,1,3,year of experiment ,second year,,,,,,y,n
2,1,simonici2019,table 1,0,1,1,,32,30,34,4,24,incubation period,days ,71.4,70.6,0.4,0.6,25,26,0,0,Caiman,latirostris,1,1,3,year of experiment ,second year,,,,,,y,n
3,1,simonici2019,table 1,1,1,1,,32,30,34,4,24,hatching success,percent,85,62,6,8,25,26,0,0,Caiman,latirostris,1,1,3,year of experiment ,second year,,,,,,y,n
4,1,simonici2019,table 1,0,1,1,,32,30,34,4,24,total length ,cm ,22.2,20.3,0.3,0.3,25,26,0,0,Caiman,latirostris,1,1,3,year of experiment ,second year,,,,,,y,n
5,1,simonici2019,table 1,0,1,1,,32,30,34,4,24,mass ,g ,44.3,37.9,0.7,0.8,25,26,0,0,Caiman,latirostris,1,1,3,year of experiment ,second year,,,,,,y,n
1,1,wang2015,figure 1,0,1,0,,26,20,30,10,24,dry weight of mycelium per petri dish ,g ,0.095596073,0.104347826,0.011949509,0.00740533,,,1,1,Esteya ,vermicola,2,0,1,,,,,,,,y,y
1,1,wang2015,figure 1,0,1,0,,26,15,35,20,24,dry weight of mycelium per petri dish ,g ,0.095596073,0.047629734,0.011949509,0.012622721,,,1,1,Esteya ,vermicola,2,0,1,,,,,,,,y,y
1,1,delava2016,table 1,1,1,0,25,20.1,16,23,7,24,survival ,percent ,67,65.2,11.4,13.18,125,125,0,0,Drosophila ,melanogaster,1,1,1,,,,,,,,y,n
2,1,delava2016,table 1,0,1,0,25,20.1,16,23,7,24,development time,days ,36.27,30.51,4.82,0.89,125,125,0,0,Leptopilina,bourlardi,1,1,1,,,,,,,,y,n
3,1,delava2016,table 1,1,1,0,25,20.1,16,23,7,24,infestation rate ,percent ,70,61.25,14.4,10.84,125,125,0,0,Leptopilina,bourlardi,1,1,1,,,,,,,,y,n
4,1,delava2016,table 1,1,1,0,25,20.1,16,23,7,24,success of parasitism,percent,39.84,60.19,13.3,15.35,125,125,0,0,Leptopilina,bourlardi,1,1,1,,,,,,,,y,n
1,1,delava2016,table 1,1,1,0,25,20.1,16,26,10,24,survival ,percent ,67,66.8,11.4,9.96,125,125,0,0,Drosophila ,melanogaster,1,1,1,,,,,,,,y,y
2,1,delava2016,table 1,0,1,0,25,20.1,16,26,10,24,development time,days ,36.27,30.52,4.82,0.64,125,125,0,0,Leptopilina,bourlardi,1,1,1,,,,,,,,y,y
3,1,delava2016,table 1,1,1,0,25,20.1,16,26,10,24,infestation rate ,percent ,70,63.17,14.4,17.78,125,125,0,0,Leptopilina,bourlardi,1,1,1,,,,,,,,y,y
4,1,delava2016,table 1,1,1,0,25,20.1,16,26,10,24,success of parasitism,percent,39.84,69.21,13.3,11.33,125,125,0,0,Leptopilina,bourlardi,1,1,1,,,,,,,,y,y
1,1,lowenborg2012,figure 2a,0,1,1,,25,19,31,12,24,incubation time ,days ,40.08064516,41.69354839,0.39824771,1.393866985,25,29,1,1,Natrix ,natrix,1,1,2,,,,,,,,y,y
2,1,lowenborg2012,figure 2b,0,1,1,,25,19,31,12,24,days to first slough,days ,9.075268817,10.27956989,0.49382716,0.541616886,25,29,1,1,Natrix ,natrix,1,1,2,,,,,,,,y,y
1,2,lowenborg2012,figure 4a,0,1,1,,25,19,31,12,24,aquatic speed ,m * s^-1,0.246757679,0.272696246,0.025281254,0.022247503,25,29,1,1,Natrix ,natrix,1,1,2,,,,,,,,y,y
2,2,lowenborg2012,figure 4b,0,1,1,,25,19,31,12,24,terrestrial speed,m * s^-1,0.152210884,0.149404762,0.029100529,0.042957924,25,29,1,1,Natrix ,natrix,1,1,2,,,,,,,,y,y
3,2,lowenborg2012,figure 4c,0,1,1,,25,19,31,12,24,distance covered,m  ,2.8125,3.125,1.774691358,1.800411523,25,29,1,1,Natrix ,natrix,1,1,2,,,,,,,,y,y
1,1,qu2014,table 2 ,0,1,1,,27,24,30,6,24,body mass ,g ,0.71,0.7,0.02,0.01,20,20,0,0,Plestiodon ,chinensis,1,1,2,,,,,,,,y,n
2,1,qu2014,table 2 ,0,1,1,,27,24,30,6,24,snout-vent length,mm,31.3,30.7,0.2,0.3,20,20,0,0,Plestiodon ,chinensis,1,1,2,,,,,,,,y,n
3,1,qu2014,table 2 ,0,1,1,,27,24,30,6,24,abdomen length,mm,14,13.9,0.2,0.2,20,20,0,0,Plestiodon ,chinensis,1,1,2,,,,,,,,y,n
4,1,qu2014,table 2 ,0,1,1,,27,24,30,6,24,tail length,mm,37.6,37.2,0.5,0.5,20,20,0,0,Plestiodon ,chinensis,1,1,2,,,,,,,,y,n
5,1,qu2014,table 2 ,0,1,1,,27,24,30,6,24,head length,mm,7.2,7.2,0.03,0.05,20,20,0,0,Plestiodon ,chinensis,1,1,2,,,,,,,,y,n
6,1,qu2014,table 2 ,0,1,1,,27,24,30,6,24,head width,mm,5.2,5.1,0.04,0.03,20,20,0,0,Plestiodon ,chinensis,1,1,2,,,,,,,,y,n
7,1,qu2014,table 2 ,0,1,1,,27,24,30,6,24,fore-limb length,mm,6.2,6.1,0.04,0.06,20,20,0,0,Plestiodon ,chinensis,1,1,2,,,,,,,,y,n
8,1,qu2014,table 2 ,0,1,1,,27,24,30,6,24,hind-limb length,mm,7.2,7.1,0.05,0.07,20,20,0,0,Plestiodon ,chinensis,1,1,2,,,,,,,,y,n
9,1,qu2014,table 2 ,0,1,1,,27,24,30,6,24,maximal length ,m,0.55,0.67,0.03,0.08,20,20,0,0,Plestiodon ,chinensis,1,1,2,,,,,,,,y,n
10,1,qu2014,table 2 ,0,1,1,,27,24,30,6,24,sprint speed ,m * s^-1,0.43,0.43,0.01,0.02,20,20,0,0,Plestiodon ,chinensis,1,1,2,,,,,,,,y,n
1,1,qu2014,table 2 ,0,1,1,,27,22,32,10,24,body mass ,g ,0.71,0.67,0.02,0.01,20,20,0,0,Plestiodon ,chinensis,1,1,2,,,,,,,,y,n
2,1,qu2014,table 2 ,0,1,1,,27,22,32,10,24,snout-vent length,mm,31.3,30.8,0.2,0.3,20,20,0,0,Plestiodon ,chinensis,1,1,2,,,,,,,,y,n
3,1,qu2014,table 2 ,0,1,1,,27,22,32,10,24,abdomen length,mm,14,13.8,0.2,0.2,20,20,0,0,Plestiodon ,chinensis,1,1,2,,,,,,,,y,n
4,1,qu2014,table 2 ,0,1,1,,27,22,32,10,24,tail length,mm,37.6,36.9,0.5,0.6,20,20,0,0,Plestiodon ,chinensis,1,1,2,,,,,,,,y,n
5,1,qu2014,table 2 ,0,1,1,,27,22,32,10,24,head length,mm,7.2,7.1,0.03,0.05,20,20,0,0,Plestiodon ,chinensis,1,1,2,,,,,,,,y,n
6,1,qu2014,table 2 ,0,1,1,,27,22,32,10,24,head width,mm,5.2,5.1,0.04,0.04,20,20,0,0,Plestiodon ,chinensis,1,1,2,,,,,,,,y,n
7,1,qu2014,table 2 ,0,1,1,,27,22,32,10,24,fore-limb length,mm,6.2,6,0.04,0.06,20,20,0,0,Plestiodon ,chinensis,1,1,2,,,,,,,,y,n
8,1,qu2014,table 2 ,0,1,1,,27,22,32,10,24,hind-limb length,mm,7.2,7.1,0.05,0.06,20,20,0,0,Plestiodon ,chinensis,1,1,2,,,,,,,,y,n
9,1,qu2014,table 2 ,0,1,1,,27,22,32,10,24,maximal length ,m,0.55,0.67,0.03,0.06,20,20,0,0,Plestiodon ,chinensis,1,1,2,,,,,,,,y,n
10,1,qu2014,table 2 ,0,1,1,,27,22,32,10,24,sprint speed ,m * s^-1,0.43,0.46,0.01,0.03,20,20,0,0,Plestiodon ,chinensis,1,1,2,,,,,,,,y,n
1,1,kern2014,figure 2,0,1,1,24,24,18,32,14,24,body mass ,g ,0.283544304,0.251476793,0.005907173,0.005907173,91,107,1,0,Platyplectrum ,ornatum,1,1,2,UV exposure,UV absence,,,,,,y,n
1,1,kern2014,figure 2,0,1,1,24,24,18,32,14,24,body mass ,g ,0.266666667,0.241912799,0.006469761,0.006188467,94,84,1,0,Platyplectrum ,ornatum,1,1,2,UV exposure,UV presence,,,,,,y,n
1,1,pendlebury2004,figure 1a,0,1,1,20,18.3,15,25,10,24,daily energy expenditure,kJ *day^-1 *kg^-1,300.0770416,354.559212,17.85714286,21.1038961,20,20,1,0,Coturnix ,japonica,1,2,2,food level,high food,,,,,,y,n
1,1,pendlebury2004,figure 1a,0,1,1,20,18.3,15,25,10,24,daily energy expenditure,kJ *day^-1 *kg^-1,409.4486022,414.4177856,18.66883117,20.29220779,20,20,1,0,Coturnix ,japonica,1,2,2,food level,low food ,,,,,,y,n
1,1,pendlebury2004,figure 1a,0,1,1,20,18.3,11.7,31.7,20,24,daily energy expenditure,kJ *day^-1 *kg^-1,300.0770416,386.3141096,17.85714286,23.53896104,20,20,1,0,Coturnix ,japonica,1,2,2,food level,high food,,,,,,y,y
1,1,pendlebury2004,figure 1a,0,1,1,20,18.3,11.7,31.7,20,24,daily energy expenditure,kJ *day^-1 *kg^-1,409.4486022,478.6402157,18.66883117,19.48327097,20,20,1,0,Coturnix ,japonica,1,2,2,food level,low food ,,,,,,y,y
2,1,pendlebury2004,figure 1b,0,1,1,20,18.3,15,25,10,24,egg mass,g ,8.658064516,8.709677419,0.361290323,0.258064516,20,20,1,0,Coturnix ,japonica,1,2,2,food level,high food,,,,,,y,n
2,1,pendlebury2004,figure 1b,0,1,1,20,18.3,15,25,10,24,egg mass,g ,9.109677419,7.341935484,0.529032258,0.283870968,20,20,1,0,Coturnix ,japonica,1,2,2,food level,low food ,,,,,,y,n
2,1,pendlebury2004,figure 1b,0,1,1,20,18.3,11.7,31.7,20,24,egg mass,g ,8.658064516,8.529032258,0.361290323,0.335483871,20,20,1,0,Coturnix ,japonica,1,2,2,food level,high food,,,,,,y,y
2,1,pendlebury2004,figure 1b,0,1,1,20,18.3,11.7,31.7,20,24,egg mass,g ,9.109677419,6.748387097,0.529032258,0.490322581,20,20,1,0,Coturnix ,japonica,1,2,2,food level,low food ,,,,,,y,y
1,1,semenov2007,figure 1a,1,1,1,37,7,0,14,14,24,survival ,CFU * g dry weight manure^-1,26366508.99,18649907.91,4587583.937,,3,3,1,1,Escherichia ,coli,3,1,0,manure type,untreated,,,,14,days,y,n
1,1,semenov2007,figure 1a,1,1,1,37,16,9,23,14,24,survival ,CFU * g dry weight manure^-1,8557183.145,3926313.402,1948886.107,1031123.618,3,3,1,1,Escherichia ,coli,3,1,0,manure type,untreated,,,,14,days,y,n
1,1,semenov2007,figure 1a,1,1,1,37,23,16,30,14,24,survival ,CFU * g dry weight manure^-1,1168608.855,246023.9821,181593.1785,94114.19375,3,3,1,1,Escherichia ,coli,3,1,0,manure type,untreated,,,,14,days,y,n
1,1,semenov2007,figure 1b,1,1,1,37,7,0,14,14,24,survival ,CFU * g dry weight manure^-1,70640961.82,38450824.82,,33960708,3,3,1,1,Salmonella,enetrica,3,1,0,manure type,untreated,,,,14,days,y,n
1,1,semenov2007,figure 1b,1,1,1,37,16,9,23,14,24,survival ,CFU * g dry weight manure^-1,10444025.52,6200872.908,2753380.321,1083019.7,3,3,1,1,Salmonella,enetrica,3,1,0,manure type,untreated,,,,14,days,y,n
1,1,semenov2007,figure 1b,1,1,1,37,23,16,30,14,24,survival ,CFU * g dry weight manure^-1,1684283.113,1415609.264,597246.494,456586.4491,3,3,1,1,Salmonella,enetrica,3,1,0,manure type,untreated,,,,14,days,y,n
1,1,semenov2007,figure 1c,1,1,1,37,7,0,14,14,24,survival ,CFU * g dry weight manure^-1,1857022665,64040042.71,418897865.9,,3,3,1,1,Escherichia ,coli,3,1,0,manure type,sterilized,,,,14,days,y,n
1,1,semenov2007,figure 1c,1,1,1,37,16,9,23,14,24,survival ,CFU * g dry weight manure^-1,1095031275,1169769675,247011667.1,263870780.7,3,3,1,1,Escherichia ,coli,3,1,0,manure type,sterilized,,,,14,days,y,n
1,1,semenov2007,figure 1c,1,1,1,37,23,16,30,14,24,survival ,CFU * g dry weight manure^-1,73080125.27,196746407,14569949.46,20171870.06,3,3,1,1,Escherichia ,coli,3,1,0,manure type,sterilized,,,,14,days,y,n
1,1,semenov2007,figure 1c,1,1,1,37,33,26,40,14,24,survival ,CFU * g dry weight manure^-1,46034394.72,2875950.203,17521103.29,380867.7531,3,3,1,1,Escherichia ,coli,3,1,0,manure type,sterilized,,,,14,days,y,y
1,1,semenov2007,figure 1d ,1,1,1,37,7,0,14,14,24,survival ,CFU * g dry weight manure^-1,127427498.6,90133703.9,,,3,3,1,1,Salmonella,enetrica,3,1,0,manure type,sterilized,,,,14,days,y,n
2,2,semenov2007,figure 1d ,1,1,1,37,16,9,23,14,24,survival ,CFU * g dry weight manure^-1,413562691.8,360073348.5,135588260.7,,3,3,1,1,Salmonella,enetrica,3,1,0,manure type,sterilized,,,,14,days,y,n
2,2,semenov2007,figure 1d ,1,1,1,37,23,16,30,14,24,survival ,CFU * g dry weight manure^-1,826595873.9,313502206.3,213353714.5,,3,3,1,1,Salmonella,enetrica,3,1,0,manure type,sterilized,,,,14,days,y,n
2,2,semenov2007,figure 1d ,1,1,1,37,33,26,40,14,24,survival ,CFU * g dry weight manure^-1,1541593693,254691843.9,492030391.8,,3,3,1,1,Salmonella,enetrica,3,1,0,manure type,sterilized,,,,14,days,y,y
2,2,semenov2007,figure 2a,1,1,1,37,7,0,14,14,24,rate of change,1 day ^-1,-0.050359712,-0.077697842,0.013669065,0.01942446,3,3,1,1,Escherichia ,coli,3,1,0,manure type,untreated,,,,,,y,n
2,2,semenov2007,figure 2a,1,1,1,37,16,9,23,14,24,rate of change,1 day ^-1,-0.10647482,-0.128057554,0.002877698,0.003597122,3,3,1,1,Escherichia ,coli,3,1,0,manure type,untreated,,,,,,y,n
2,2,semenov2007,figure 2a,1,1,1,37,23,16,30,14,24,rate of change,1 day ^-1,-0.161151079,-0.189208633,,,3,3,1,1,Escherichia ,coli,3,1,0,manure type,untreated,,,,,,y,n
2,2,semenov2007,figure 2b,1,1,1,37,7,0,14,14,24,rate of change,1 day ^-1,-0.018587361,-0.033457249,0.002973978,0.003717472,3,3,1,1,Salmonella,enetrica,3,1,0,manure type,untreated,,,,,,y,n
2,2,semenov2007,figure 2b,1,1,1,37,16,9,23,14,24,rate of change,1 day ^-1,-0.057249071,-0.067657993,0.002973978,,3,3,1,1,Salmonella,enetrica,3,1,0,manure type,untreated,,,,,,y,n
2,2,semenov2007,figure 2b,1,1,1,37,23,16,30,14,24,rate of change,1 day ^-1,-0.091449814,-0.098884758,0.007434944,0.00669145,3,3,1,1,Salmonella,enetrica,3,1,0,manure type,untreated,,,,,,y,n
2,2,semenov2007,figure 2c ,1,1,1,37,7,0,14,14,24,rate of change,1 day ^-1,-0.054901961,-0.031372549,0.033333333,,3,3,1,1,Escherichia ,coli,3,1,0,manure type,sterilized,,,,,,y,n
2,2,semenov2007,figure 2c ,1,1,1,37,16,9,23,14,24,rate of change,1 day ^-1,0.27254902,0.156862745,0.058823529,0.032352941,3,3,1,1,Escherichia ,coli,3,1,0,manure type,sterilized,,,,,,y,n
2,2,semenov2007,figure 2c ,1,1,1,37,23,16,30,14,24,rate of change,1 day ^-1,0.160784314,0,0.049019608,,3,3,1,1,Escherichia ,coli,3,1,0,manure type,sterilized,,,,,,y,n
2,2,semenov2007,figure 2c ,1,1,1,37,33,26,40,14,24,rate of change,1 day ^-1,-0.047058824,-0.101960784,0.008823529,,3,3,1,1,Escherichia ,coli,3,1,0,manure type,sterilized,,,,,,y,y
2,2,semenov2007,figure 2d,1,1,1,37,7,0,14,14,24,rate of change,1 day ^-1,-0.160526316,-0.114473684,0.096710526,0.059868421,3,3,1,1,Salmonella,enetrica,3,1,0,manure type,sterilized,,,,,,y,n
2,2,semenov2007,figure 2d,1,1,1,37,16,9,23,14,24,rate of change,1 day ^-1,0.714473684,0.668421053,0.041447368,0.059868421,3,3,1,1,Salmonella,enetrica,3,1,0,manure type,sterilized,,,,,,y,n
2,2,semenov2007,figure 2d,1,1,1,37,23,16,30,14,24,rate of change,1 day ^-1,0.742105263,0.346052632,0.039144737,0.115131579,3,3,1,1,Salmonella,enetrica,3,1,0,manure type,sterilized,,,,,,y,n
2,2,semenov2007,figure 2d,1,1,1,37,33,26,40,14,24,rate of change,1 day ^-1,0.797368421,0.272368421,0.059868421,0.154276316,3,3,1,1,Salmonella,enetrica,3,1,0,manure type,sterilized,,,,,,y,y
1,1,triedel 2015,figure 2a,0,1,1,,29.5,25.7,31.7,6,24,oxidative damage ,nmol CHE / mgww,33.04137931,34.17931034,0.631034483,0.668965517,69,63,1,0,Trachemys,scripta,1,1,2,,,,,,,,y,n
2,1,triedel 2015,figure 2a,0,1,1,,29.5,25.7,31.7,6,24,TAC,uM Trolox Equivalents/ mgww,5.433815088,5.545049465,0.006896552,0.006896552,69,63,1,0,Trachemys,scripta,1,1,2,,,,,,,,y,n
1,1,saxon2017,figure 1,0,1,1,20.5,24,21,27,6,24,total offspring,total offspring,175,108.9622642,74.19054274,94.57255998,1600,1600,1,1,Drosophila ,birchii,1,2,1,,,,,,,,y,y
2,1,saxon2017,figure 1,0,1,1,20.5,24,21,27,6,24,offspring per mating,offspring per mating,66.16416255,48.07653524,22.06461781,30.33884949,1600,1600,1,1,Drosophila ,birchii,1,2,1,,,,,,,,y,y
3,1,saxon2017,figure 1,0,1,1,20.5,24,21,27,6,24,wing centroid,wing centroid,1972.5,1925,61.11111111,59.25925926,1600,1600,1,1,Drosophila ,birchii,1,2,1,,,,,,,,y,y
1,2,saxon2017,figure 1,0,1,1,20.5,17,14,20,6,24,total offspring,total offspring,83.80752638,81.60275261,65.82586826,72.33144087,1600,1600,1,1,Drosophila ,birchii,1,2,1,,,,,,,,y,n
2,2,saxon2017,figure 1,0,1,1,20.5,17,14,20,6,24,offspring per mating,offspring per mating,54.99302556,54.99554644,32.30649435,37.0364146,1600,1600,1,1,Drosophila ,birchii,1,2,1,,,,,,,,y,n
3,2,saxon2017,figure 1,0,1,1,20.5,17,14,20,6,24,wing centroid,wing centroid,2252.5,2207.5,70.37037037,79.62962963,1600,1600,1,1,Drosophila ,birchii,1,2,1,,,,,,,,y,n